Step,AgentID,Delay time,Driving time of cars leaving
886,200000,,"[['Truck138241', 885]]"
922,200412,,"[['Truck138246', 906]]"
934,200412,,"[['Truck138254', 898]]"
938,200412,,"[['Truck138258', 892]]"
943,200412,,"[['Truck138268', 872]]"
944,200000,,"[['Truck138247', 928]]"
948,200000,,"[['Truck138255', 912]]"
951,200412,,"[['Truck138240', 950]]"
962,200000,,"[['Truck138245', 951]]"
968,200000,,"[['Truck138249', 947]]"
968,200412,,"[['Truck138252', 937]]"
970,200412,,"[['Truck138270', 894]]"
974,200000,,"[['Truck138243', 968]]"
976,200000,,"[['Truck138263', 920]]"
977,200000,,"[['Truck138289', 856]]"
979,200412,,"[['Truck138322', 773]]"
981,200412,,"[['Truck138282', 875]]"
985,200000,,"[['Truck138271', 909]]"
987,200412,,"[['Truck138292', 856]]"
988,200000,,"[['Truck138283', 882]]"
994,200000,,"[['Truck138261', 943]]"
996,200000,,"[['Truck138251', 970]]"
1005,200000,,"[['Truck138265', 944]]"
1007,200000,,"[['Truck138285', 896]]"
1012,200000,,"[['Truck138311', 836]]"
1015,200412,,"[['Truck138280', 914]]"
1017,200000,,"[['Truck138253', 986]]"
1020,200412,,"[['Truck138290', 894]]"
1022,200000,,"[['Truck138267', 956]]"
1025,200412,,"[['Truck138262', 969], ['Truck138276', 934]]"
1031,200412,,"[['Truck138260', 980]]"
1037,200000,,"[['Truck138293', 906]]"
1037,200412,,"[['Truck138248', 1016]]"
1039,200000,,"[['Truck138279', 943]]"
1051,200000,,"[['Truck138277', 960]]"
1052,200000,,"[['Truck138275', 966]]"
1054,200000,,"[['Truck138269', 983]]"
1054,200412,,"[['Truck138244', 1043]]"
1057,200000,,"[['Truck138297', 916]]"
1065,200412,,"[['Truck138286', 949]]"
1066,200000,,"[['Truck138305', 905]]"
1067,200000,,"[['Truck138273', 986]]"
1070,200000,,"[['Truck138299', 924]]"
1076,200000,,"[['Truck138309', 905]]"
1077,200000,,"[['Truck138343', 821]]"
1077,200412,,"[['Truck138250', 1051]]"
1078,200412,,"[['Truck138298', 932]]"
1084,200000,,"[['Truck138321', 883]]"
1084,200412,,"[['Truck138264', 1023]]"
1085,200000,,"[['Truck138257', 1044], ['Truck138325', 874]]"
1086,200000,,"[['Truck138315', 900]]"
1087,200412,,"[['Truck138266', 1021]]"
1094,200000,,"[['Truck138337', 853]]"
1095,200000,,"[['Truck138323', 889]]"
1095,200412,,"[['Truck138288', 974]]"
1098,200000,,"[['Truck138307', 932]]"
1099,200000,,"[['Truck138331', 873]]"
1100,200412,,"[['Truck138310', 924]]"
1104,200412,,"[['Truck138318', 908]]"
1106,200412,,"[['Truck138306', 940]]"
1107,200412,,"[['Truck138334', 871]]"
1108,200000,,"[['Truck138287', 992]]"
1111,200412,,"[['Truck138284', 1000]]"
1114,200412,,"[['Truck138256', 1073]]"
1116,200000,,"[['Truck138295', 980]]"
1121,200412,,"[['Truck138272', 1040]]"
1125,200412,,"[['Truck138278', 1029]]"
1127,200412,,"[['Truck138294', 991]]"
1130,200412,,"[['Truck138274', 1044]]"
1131,200000,,"[['Truck138259', 1085]]"
1134,200412,,"[['Truck138312', 953]]"
1135,200412,,"[['Truck138242', 1129]]"
1140,200412,,"[['Truck138304', 979], ['Truck138328', 919]]"
1145,200000,,"[['Truck138347', 879]]"
1146,200412,,"[['Truck138332', 915]]"
1148,200412,,"[['Truck138346', 882]]"
1151,200412,,"[['Truck138320', 950]]"
1152,200000,,"[['Truck138301', 1001]]"
1155,200000,,"[['Truck138317', 964]]"
1157,200000,,"[['Truck138353', 876]]"
1158,200000,,"[['Truck138313', 977]]"
1162,200000,,"[['Truck138291', 1036], ['Truck138329', 941], ['Truck138361', 861]]"
1163,200000,,"[['Truck138355', 877]]"
1168,200412,,"[['Truck138296', 1027]]"
1171,200000,,"[['Truck138341', 920]]"
1172,200000,,"[['Truck138349', 901]]"
1174,200000,,"[['Truck138339', 928]]"
1180,200000,,"[['Truck138281', 1079]]"
1181,200412,,"[['Truck138300', 1030]]"
1183,200412,,"[['Truck138360', 882]]"
1184,200412,,"[['Truck138352', 903]]"
1185,200412,,"[['Truck138314', 999]]"
1190,200000,,"[['Truck138351', 914]]"
1191,200412,,"[['Truck138302', 1035]]"
1197,200412,,"[['Truck138370', 871]]"
1200,200412,,"[['Truck138376', 859]]"
1201,200000,,"[['Truck138363', 895]]"
1202,200412,,"[['Truck138330', 976]]"
1204,200412,,"[['Truck138338', 958]]"
1208,200412,,"[['Truck138344', 947]]"
1212,200000,,"[['Truck138369', 891]]"
1214,200000,,"[['Truck138303', 1058]]"
1218,200412,,"[['Truck138364', 907]]"
1220,200412,,"[['Truck138316', 1029]]"
1230,200000,,"[['Truck138387', 864]]"
1231,200412,,"[['Truck138358', 935]]"
1233,200412,,"[['Truck138366', 917]]"
1234,200412,,"[['Truck138342', 978]]"
1236,200412,,"[['Truck138390', 860]]"
1238,200000,,"[['Truck138327', 1022]]"
1241,200000,,"[['Truck138333', 1010]]"
1243,200000,,"[['Truck138319', 1047], ['Truck138345', 982]]"
1246,200412,,"[['Truck138406', 830]]"
1248,200412,,"[['Truck138354', 962]]"
1252,200000,,"[['Truck138335', 1016], ['Truck138377', 911]]"
1252,200412,,"[['Truck138356', 961]]"
1253,200412,,"[['Truck138412', 822]]"
1254,200412,,"[['Truck138326', 1038]]"
1256,200000,,"[['Truck138373', 925]]"
1257,200412,,"[['Truck138348', 986]]"
1262,200412,,"[['Truck138374', 926]]"
1263,200000,,"[['Truck138395', 877]]"
1263,200412,,"[['Truck138350', 987]]"
1264,200000,,"[['Truck138371', 938]]"
1267,200000,,"[['Truck138365', 956]]"
1271,200412,,"[['Truck138308', 1100]]"
1275,200412,,"[['Truck138422', 819]]"
1279,200412,,"[['Truck138414', 843]]"
1280,200412,,"[['Truck138372', 949]]"
1281,200412,,"[['Truck138336', 1040]]"
1282,200000,,"[['Truck138385', 921]]"
1282,200412,,"[['Truck138324', 1071]]"
1284,200000,,"[['Truck138379', 938]]"
1284,200412,,"[['Truck138396', 893]]"
1286,200000,,"[['Truck138359', 990]]"
1298,200412,,"[['Truck138420', 847]]"
1301,200412,,"[['Truck138362', 995]]"
1302,200412,,"[['Truck138394', 916]]"
1304,200412,,"[['Truck138340', 1053]]"
1311,200000,,"[['Truck138407', 895]]"
1314,200000,,"[['Truck138389', 943]]"
1316,200412,,"[['Truck138380', 965]]"
1318,200412,,"[['Truck138392', 937]]"
1321,200412,,"[['Truck138400', 920]]"
1325,200412,,"[['Truck138368', 1004]]"
1327,200412,,"[['Truck138404', 916]]"
1328,200000,,"[['Truck138383', 972]]"
1328,200412,,"[['Truck138378', 982]]"
1331,200000,,"[['Truck138375', 995]]"
1333,200000,,"[['Truck138381', 982]]"
1336,200412,,"[['Truck138410', 910]]"
1339,200000,,"[['Truck138411', 913]]"
1340,200412,,"[['Truck138388', 969]]"
1341,200000,,"[['Truck138397', 950]]"
1343,200000,,"[['Truck138399', 947]]"
1345,200000,,"[['Truck138403', 939]]"
1349,200000,,"[['Truck138393', 968]]"
1349,200412,,"[['Truck138402', 943]]"
1352,200412,,"[['Truck138382', 996]]"
1353,200412,,"[['Truck138434', 867]]"
1354,200000,,"[['Truck138415', 918]]"
1355,200000,,"[['Truck138401', 954]]"
1360,200000,,"[['Truck138367', 1044]]"
1371,200000,,"[['Truck138435', 885]]"
1375,200000,,"[['Truck138357', 1084]]"
1378,200000,,"[['Truck138439', 882]]"
1394,200000,,"[['Truck138417', 953]]"
1397,200412,,"[['Truck138386', 1031]]"
1398,200412,,"[['Truck138426', 932]]"
1402,200000,,"[['Truck138427', 936]]"
1403,200000,,"[['Truck138409', 982]]"
1404,200412,,"[['Truck138450', 878]]"
1405,200000,,"[['Truck138443', 899]]"
1406,200000,,"[['Truck138469', 835]]"
1406,200412,,"[['Truck138384', 1045]]"
1414,200000,,"[['Truck138429', 943]]"
1419,200000,,"[['Truck138419', 973]]"
1421,200412,,"[['Truck138448', 900]]"
1423,200412,,"[['Truck138432', 942]]"
1424,200000,,"[['Truck138423', 968]]"
1424,200412,,"[['Truck138398', 1028], ['Truck138424', 963]]"
1429,200412,,"[['Truck138408', 1008]]"
1431,200412,,"[['Truck138430', 955]]"
1432,200412,,"[['Truck138416', 991]]"
1433,200000,,"[['Truck138413', 1002]]"
1434,200000,,"[['Truck138441', 933]]"
1434,200412,,"[['Truck138444', 923], ['Truck138468', 863]]"
1438,200000,,"[['Truck138421', 987]]"
1439,200412,,"[['Truck138428', 968]]"
1442,200000,,"[['Truck138405', 1031]]"
1450,200000,,"[['Truck138479', 854]]"
1452,200412,,"[['Truck138438', 956]]"
1456,200000,,"[['Truck138445', 945], ['Truck138467', 890]]"
1457,200000,,"[['Truck138481', 856]]"
1463,200000,,"[['Truck138437', 972]]"
1467,200000,,"[['Truck138449', 946], ['Truck138493', 836]]"
1468,200412,,"[['Truck138462', 912]]"
1469,200000,,"[['Truck138433', 988]]"
1472,200000,,"[['Truck138431', 996]]"
1475,200000,,"[['Truck138447', 959]]"
1477,200412,,"[['Truck138480', 876]]"
1479,200412,,"[['Truck138464', 918]]"
1481,200412,,"[['Truck138490', 855]]"
1482,200000,,"[['Truck138457', 941]]"
1482,200412,,"[['Truck138466', 916]]"
1483,200412,,"[['Truck138440', 982]]"
1485,200000,,"[['Truck138465', 924]]"
1489,200000,,"[['Truck138391', 1113]]"
1489,200412,,"[['Truck138456', 948]]"
1494,200000,,"[['Truck138483', 888]]"
1497,200000,,"[['Truck138475', 911]]"
1497,200412,,"[['Truck138436', 1006]]"
1498,200412,,"[['Truck138452', 967]]"
1499,200000,,"[['Truck138455', 963]]"
1509,200000,,"[['Truck138425', 1048]]"
1509,200412,,"[['Truck138512', 828]]"
1513,200412,,"[['Truck138474', 927]]"
1514,200412,,"[['Truck138478', 918]]"
1516,200000,,"[['Truck138461', 965]]"
1518,200000,,"[['Truck138477', 927]]"
1522,200000,,"[['Truck138495', 886]]"
1525,200412,,"[['Truck138476', 934]]"
1529,200000,,"[['Truck138507', 863]]"
1532,200000,,"[['Truck138463', 976]]"
1533,200412,,"[['Truck138418', 1087]]"
1540,200000,,"[['Truck138505', 879]]"
1543,200412,,"[['Truck138458', 997]]"
1549,200000,,"[['Truck138491', 923]]"
1550,200000,,"[['Truck138487', 934]]"
1550,200412,,"[['Truck138498', 904]]"
1551,200412,,"[['Truck138482', 945]]"
1553,200000,,"[['Truck138489', 932]]"
1554,200000,,"[['Truck138471', 978]]"
1555,200000,,"[['Truck138459', 1009]]"
1559,200412,,"[['Truck138532', 828]]"
1568,200412,,"[['Truck138460', 1017]]"
1569,200412,,"[['Truck138496', 928]]"
1570,200412,,"[['Truck138446', 1054]]"
1572,200412,,"[['Truck138492', 941]]"
1575,200412,,"[['Truck138442', 1069]]"
1577,200412,,"[['Truck138454', 1041]]"
1578,200000,,"[['Truck138473', 997]]"
1583,200000,,"[['Truck138503', 927]]"
1591,200000,,"[['Truck138485', 980]]"
1593,200412,,"[['Truck138518', 897]]"
1598,200000,,"[['Truck138527', 882]]"
1598,200412,,"[['Truck138536', 857]]"
1599,200000,,"[['Truck138515', 913]]"
1600,200000,,"[['Truck138521', 899]]"
1604,200000,,"[['Truck138511', 928]]"
1610,200000,,"[['Truck138529', 889]]"
1611,200000,,"[['Truck138451', 1085], ['Truck138525', 900]]"
1614,200412,,"[['Truck138470', 1038]]"
1616,200412,,"[['Truck138506', 950]]"
1620,200000,,"[['Truck138531', 894]]"
1620,200412,,"[['Truck138508', 949]]"
1621,200000,,"[['Truck138547', 855]]"
1625,200412,,"[['Truck138484', 1014]]"
1627,200412,,"[['Truck138486', 1011], ['Truck138530', 901]]"
1629,200000,,"[['Truck138533', 898]]"
1632,200000,,"[['Truck138453', 1101]]"
1632,200412,,"[['Truck138488', 1011], ['Truck138510', 956]]"
1634,200412,,"[['Truck138502', 978]]"
1636,200000,,"[['Truck138535', 900]]"
1636,200412,,"[['Truck138528', 915]]"
1639,200412,,"[['Truck138472', 1058]]"
1640,200412,,"[['Truck138494', 1004]]"
1647,200412,,"[['Truck138500', 996], ['Truck138548', 876]]"
1653,200000,,"[['Truck138501', 1002]]"
1656,200000,,"[['Truck138541', 905]]"
1657,200000,,"[['Truck138523', 951]]"
1657,200412,,"[['Truck138560', 856]]"
1661,200412,,"[['Truck138534', 925]]"
1662,200000,,"[['Truck138561', 861]]"
1664,200412,,"[['Truck138568', 843]]"
1665,200412,,"[['Truck138514', 979]]"
1668,200000,,"[['Truck138519', 972]]"
1668,200412,,"[['Truck138524', 957]]"
1669,200000,,"[['Truck138517', 978]]"
1669,200412,,"[['Truck138538', 923]]"
1673,200000,,"[['Truck138537', 932]]"
1674,200412,,"[['Truck138504', 1013]]"
1675,200000,,"[['Truck138549', 904]]"
1679,200000,,"[['Truck138553', 898]]"
1679,200412,,"[['Truck138574', 843]]"
1680,200000,,"[['Truck138545', 919]]"
1681,200412,,"[['Truck138550', 905]]"
1682,200412,,"[['Truck138522', 976]]"
1688,200412,,"[['Truck138542', 932], ['Truck138552', 907]]"
1689,200000,,"[['Truck138497', 1048]]"
1690,200000,,"[['Truck138509', 1019]]"
1691,200000,,"[['Truck138569', 870]]"
1692,200412,,"[['Truck138516', 1001]]"
1697,200000,,"[['Truck138557', 906]]"
1698,200412,,"[['Truck138526', 982]]"
1699,200412,,"[['Truck138572', 868]]"
1700,200000,,"[['Truck138559', 904]]"
1702,200412,,"[['Truck138588', 831]]"
1704,200000,,"[['Truck138513', 1023]]"
1722,200412,,"[['Truck138556', 931]]"
1724,200000,,"[['Truck138543', 968], ['Truck138585', 863]]"
1730,200412,,"[['Truck138540', 979], ['Truck138590', 854]]"
1731,200412,,"[['Truck138554', 945]]"
1739,200412,,"[['Truck138544', 978], ['Truck138570', 913]]"
1740,200412,,"[['Truck138562', 934]]"
1743,200000,,"[['Truck138551', 967]]"
1747,200412,,"[['Truck138566', 931]]"
1751,200412,,"[['Truck138582', 895]]"
1752,200412,,"[['Truck138558', 956]]"
1754,200000,,"[['Truck138499', 1108]]"
1755,200000,,"[['Truck138575', 919], ['Truck138589', 884]]"
1757,200000,,"[['Truck138565', 946]]"
1762,200412,,"[['Truck138592', 881]]"
1763,200000,,"[['Truck138611', 837]]"
1769,200412,,"[['Truck138520', 1068]]"
1776,200000,,"[['Truck138539', 1030]]"
1780,200000,,"[['Truck138581', 929]]"
1786,200412,,"[['Truck138616', 845]]"
1788,200000,,"[['Truck138555', 1002]]"
1792,200000,,"[['Truck138583', 936]]"
1793,200000,,"[['Truck138571', 967]]"
1793,200412,,"[['Truck138578', 947]]"
1799,200412,,"[['Truck138614', 863]]"
1803,200412,,"[['Truck138606', 887]]"
1806,200000,,"[['Truck138587', 940]]"
1811,200412,,"[['Truck138546', 1045]]"
1813,200000,,"[['Truck138591', 937]]"
1813,200412,,"[['Truck138580', 962]]"
1814,200000,,"[['Truck138633', 833]]"
1814,200412,,"[['Truck138604', 903]]"
1815,200000,,"[['Truck138639', 819]]"
1817,200412,,"[['Truck138584', 956]]"
1818,200000,,"[['Truck138579', 972]]"
1823,200000,,"[['Truck138573', 992]]"
1825,200000,,"[['Truck138563', 1019]]"
1825,200412,,"[['Truck138586', 959]]"
1827,200412,,"[['Truck138598', 931]]"
1830,200000,,"[['Truck138595', 944], ['Truck138613', 899]]"
1835,200000,,"[['Truck138597', 944]]"
1839,200000,,"[['Truck138603', 933]]"
1840,200000,,"[['Truck138567', 1024]]"
1842,200000,,"[['Truck138607', 926]]"
1843,200412,,"[['Truck138564', 1032]]"
1854,200412,,"[['Truck138624', 893]]"
1855,200000,,"[['Truck138601', 954]]"
1855,200412,,"[['Truck138594', 969], ['Truck138628', 884]]"
1860,200412,,"[['Truck138622', 904]]"
1861,200000,,"[['Truck138605', 950]]"
1861,200412,,"[['Truck138618', 915]]"
1864,200412,,"[['Truck138660', 813]]"
1866,200000,,"[['Truck138609', 945]]"
1873,200000,,"[['Truck138671', 797]]"
1881,200412,,"[['Truck138576', 1040]]"
1882,200000,,"[['Truck138621', 931]]"
1882,200412,,"[['Truck138600', 981], ['Truck138640', 881]]"
1883,200000,,"[['Truck138619', 937]]"
1886,200000,,"[['Truck138645', 875]]"
1887,200000,,"[['Truck138577', 1046]]"
1889,200000,,"[['Truck138599', 993]]"
1892,200412,,"[['Truck138608', 971]]"
1894,200412,,"[['Truck138620', 943]]"
1897,200000,,"[['Truck138629', 926]]"
1898,200000,,"[['Truck138593', 1017]]"
1909,200000,,"[['Truck138673', 828]]"
1909,200412,,"[['Truck138596', 1018]]"
1912,200000,,"[['Truck138647', 896]]"
1913,200412,,"[['Truck138602', 1007]]"
1915,200412,,"[['Truck138654', 879]]"
1916,200412,,"[['Truck138610', 990]]"
1924,200000,,"[['Truck138655', 888]]"
1925,200412,,"[['Truck138638', 929]]"
1933,200412,,"[['Truck138652', 902]]"
1935,200412,,"[['Truck138626', 969]]"
1937,200000,,"[['Truck138627', 971]]"
1938,200000,,"[['Truck138657', 897]]"
1939,200412,,"[['Truck138648', 918]]"
1943,200412,,"[['Truck138634', 957]]"
1955,200000,,"[['Truck138623', 999]]"
1956,200412,,"[['Truck138612', 1025]]"
1958,200412,,"[['Truck138646', 942]]"
1960,200412,,"[['Truck138656', 919]]"
1963,200000,,"[['Truck138691', 837]]"
1964,200412,,"[['Truck138658', 918]]"
1968,200412,,"[['Truck138632', 987]]"
1970,200000,,"[['Truck138681', 869]]"
1970,200412,,"[['Truck138630', 994]]"
1971,200000,,"[['Truck138625', 1010]]"
1971,200412,,"[['Truck138642', 965]]"
1973,200000,,"[['Truck138663', 917]]"
1976,200000,,"[['Truck138643', 970]]"
1979,200000,,"[['Truck138615', 1043]]"
1981,200412,,"[['Truck138682', 875]]"
1983,200000,,"[['Truck138641', 982]]"
1984,200000,,"[['Truck138637', 993]]"
1985,200000,,"[['Truck138635', 999]]"
1990,200412,,"[['Truck138664', 929]]"
1994,200000,,"[['Truck138651', 968], ['Truck138685', 883]]"
1998,200000,,"[['Truck138677', 907]]"
2012,200412,,"[['Truck138650', 986]]"
2013,200412,,"[['Truck138636', 1022]]"
2014,200000,,"[['Truck138669', 943]]"
2018,200412,,"[['Truck138702', 862]]"
2019,200412,,"[['Truck138678', 923]]"
2021,200412,,"[['Truck138666', 955]]"
2023,200000,,"[['Truck138617', 1082]]"
2024,200412,,"[['Truck138672', 943]]"
2026,200000,,"[['Truck138653', 995]]"
2030,200000,,"[['Truck138727', 814]]"
2032,200000,,"[['Truck138675', 946]]"
2032,200412,,"[['Truck138694', 896]]"
2035,200412,,"[['Truck138670', 959]]"
2040,200000,,"[['Truck138661', 989], ['Truck138699', 894], ['Truck138725', 829]]"
2048,200412,,"[['Truck138722', 842]]"
2053,200412,,"[['Truck138686', 937]]"
2055,200000,,"[['Truck138683', 949]]"
2055,200412,,"[['Truck138644', 1044]]"
2056,200000,,"[['Truck138631', 1080]]"
2057,200000,,"[['Truck138665', 996]]"
2060,200000,,"[['Truck138709', 889]]"
2064,200000,,"[['Truck138713', 883]]"
2068,200000,,"[['Truck138667', 1002], ['Truck138705', 907]]"
2069,200412,,"[['Truck138696', 928]]"
2070,200000,,"[['Truck138689', 949], ['Truck138703', 914]]"
2072,200412,,"[['Truck138698', 926]]"
2075,200412,,"[['Truck138668', 1004]]"
2078,200000,,"[['Truck138711', 902]]"
2081,200412,,"[['Truck138662', 1025]]"
2082,200000,,"[['Truck138697', 941]]"
2083,200000,,"[['Truck138695', 947]]"
2085,200412,,"[['Truck138704', 924]]"
2087,200412,,"[['Truck138716', 896]]"
2090,200000,,"[['Truck138721', 889]]"
2094,200412,,"[['Truck138706', 928]]"
2096,200000,,"[['Truck138659', 1050]]"
2100,200412,,"[['Truck138708', 929]]"
2105,200412,,"[['Truck138674', 1019], ['Truck138718', 909]]"
2107,200000,,"[['Truck138723', 901]]"
2107,200412,,"[['Truck138724', 896]]"
2108,200000,,"[['Truck138719', 912]]"
2108,200412,,"[['Truck138710', 932]]"
2109,200000,,"[['Truck138693', 978]]"
2118,200412,,"[['Truck138688', 997]]"
2119,200412,,"[['Truck138700', 968]]"
2122,200000,,"[['Truck138735', 886]]"
2126,200412,,"[['Truck138732', 895]]"
2127,200000,,"[['Truck138739', 881]]"
2127,200412,,"[['Truck138726', 911]]"
2128,200000,,"[['Truck138717', 937]]"
2130,200000,,"[['Truck138701', 979]]"
2132,200412,,"[['Truck138680', 1031], ['Truck138738', 886]]"
2136,200412,,"[['Truck138712', 955]]"
2138,200412,,"[['Truck138734', 902]]"
2142,200000,,"[['Truck138687', 1026]]"
2152,200412,,"[['Truck138676', 1061]]"
2156,200000,,"[['Truck138649', 1135]]"
2160,200000,,"[['Truck138707', 994]]"
2161,200412,,"[['Truck138690', 1035]]"
2164,200000,,"[['Truck138729', 943]]"
2171,200412,,"[['Truck138752', 890]]"
2172,200412,,"[['Truck138720', 971]]"
2174,200000,,"[['Truck138737', 933], ['Truck138749', 903]]"
2178,200000,,"[['Truck138679', 1082]]"
2179,200000,,"[['Truck138715', 993]]"
2179,200412,,"[['Truck138730', 953]]"
2188,200412,,"[['Truck138714', 1002]]"
2190,200412,,"[['Truck138750', 914]]"
2195,200412,,"[['Truck138736', 954], ['Truck138756', 904]]"
2197,200000,,"[['Truck138745', 936]]"
2200,200412,,"[['Truck138684', 1089], ['Truck138728', 979]]"
2203,200000,,"[['Truck138759', 907]]"
2203,200412,,"[['Truck138692', 1072]]"
2207,200000,,"[['Truck138733', 976], ['Truck138789', 836]]"
2208,200412,,"[['Truck138754', 922]]"
2209,200000,,"[['Truck138731', 983]]"
2216,200000,,"[['Truck138751', 940]]"
2217,200412,,"[['Truck138758', 921]]"
2219,200412,,"[['Truck138740', 968]]"
2220,200000,,"[['Truck138743', 964]]"
2223,200412,,"[['Truck138766', 907]]"
2225,200000,,"[['Truck138763', 919]]"
2226,200000,,"[['Truck138747', 960]]"
2228,200000,,"[['Truck138771', 902]]"
2234,200000,,"[['Truck138781', 883]]"
2239,200000,,"[['Truck138777', 898]]"
2240,200412,,"[['Truck138748', 969]]"
2250,200412,,"[['Truck138746', 984]]"
2255,200000,,"[['Truck138785', 894]]"
2255,200412,,"[['Truck138744', 994]]"
2257,200000,,"[['Truck138741', 1006]]"
2259,200412,,"[['Truck138768', 938]]"
2260,200000,,"[['Truck138779', 914]]"
2261,200000,,"[['Truck138801', 860]]"
2262,200412,,"[['Truck138770', 936]]"
2265,200412,,"[['Truck138826', 799]]"
2267,200000,,"[['Truck138761', 966]]"
2267,200412,,"[['Truck138820', 816]]"
2275,200412,,"[['Truck138782', 919]]"
2279,200412,,"[['Truck138814', 843]]"
2282,200412,,"[['Truck138788', 911]]"
2283,200000,,"[['Truck138769', 962]]"
2284,200000,,"[['Truck138807', 868]]"
2289,200412,,"[['Truck138772', 958]]"
2290,200412,,"[['Truck138776', 949]]"
2300,200412,,"[['Truck138804', 889]]"
2302,200412,,"[['Truck138760', 1001]]"
2304,200412,,"[['Truck138802', 898]]"
2307,200412,,"[['Truck138812', 876]]"
2308,200412,,"[['Truck138784', 947]]"
2310,200000,,"[['Truck138775', 974], ['Truck138793', 929]]"
2315,200000,,"[['Truck138805', 904]]"
2318,200000,,"[['Truck138753', 1037]]"
2321,200000,,"[['Truck138809', 900]]"
2322,200412,,"[['Truck138796', 931]]"
2323,200412,,"[['Truck138774', 987]]"
2330,200412,,"[['Truck138742', 1074]]"
2332,200000,,"[['Truck138765', 1021], ['Truck138783', 976]]"
2333,200000,,"[['Truck138773', 1002]]"
2347,200000,,"[['Truck138815', 911]]"
2347,200412,,"[['Truck138780', 996]]"
2349,200412,,"[['Truck138810', 923]]"
2352,200412,,"[['Truck138778', 1006]]"
2353,200000,,"[['Truck138767', 1037]]"
2354,200412,,"[['Truck138816', 913]]"
2357,200000,,"[['Truck138755', 1071]]"
2358,200412,,"[['Truck138790', 982]]"
2359,200412,,"[['Truck138856', 818]]"
2362,200000,,"[['Truck138833', 881]]"
2366,200412,,"[['Truck138764', 1055]]"
2368,200412,,"[['Truck138792', 987]]"
2370,200000,,"[['Truck138787', 1004], ['Truck138821', 919], ['Truck138841', 869]]"
2373,200000,,"[['Truck138823', 917]]"
2373,200412,,"[['Truck138828', 902]]"
2374,200000,,"[['Truck138757', 1083], ['Truck138799', 978], ['Truck138811', 948]]"
2378,200412,,"[['Truck138762', 1072]]"
2380,200412,,"[['Truck138786', 1014]]"
2383,200000,,"[['Truck138817', 942], ['Truck138829', 912]]"
2387,200412,,"[['Truck138794', 1001]]"
2388,200000,,"[['Truck138853', 857]]"
2389,200000,,"[['Truck138797', 998]]"
2389,200412,,"[['Truck138832', 908]]"
2394,200412,,"[['Truck138800', 993]]"
2397,200000,,"[['Truck138825', 936], ['Truck138827', 931], ['Truck138837', 906]]"
2400,200412,,"[['Truck138850', 874]]"
2405,200412,,"[['Truck138806', 989]]"
2408,200412,,"[['Truck138834', 922]]"
2411,200000,,"[['Truck138813', 980]]"
2412,200412,,"[['Truck138808', 991]]"
2415,200000,,"[['Truck138877', 824]]"
2417,200000,,"[['Truck138803', 1011]]"
2419,200000,,"[['Truck138831', 943]]"
2422,200000,,"[['Truck138865', 861]]"
2423,200412,,"[['Truck138798', 1027]]"
2426,200000,,"[['Truck138819', 980]]"
2426,200412,,"[['Truck138824', 965]]"
2428,200000,,"[['Truck138791', 1052]]"
2428,200412,,"[['Truck138860', 877]]"
2438,200000,,"[['Truck138839', 942]]"
2445,200000,,"[['Truck138867', 879], ['Truck138871', 869]]"
2447,200412,,"[['Truck138874', 861]]"
2448,200412,,"[['Truck138848', 927]]"
2449,200000,,"[['Truck138857', 908]]"
2449,200412,,"[['Truck138822', 993]]"
2450,200412,,"[['Truck138854', 914]]"
2452,200000,,"[['Truck138795', 1066]]"
2452,200412,,"[['Truck138852', 921]]"
2453,200412,,"[['Truck138858', 907]]"
2454,200412,,"[['Truck138836', 963]]"
2455,200000,,"[['Truck138835', 969]]"
2457,200412,,"[['Truck138840', 956]]"
2458,200412,,"[['Truck138844', 947]]"
2465,200412,,"[['Truck138842', 959]]"
2474,200412,,"[['Truck138896', 833]]"
2479,200000,,"[['Truck138845', 968]]"
2481,200000,,"[['Truck138875', 895]]"
2484,200000,,"[['Truck138887', 868]]"
2485,200000,,"[['Truck138847', 969]]"
2491,200412,,"[['Truck138818', 1045]]"
2497,200000,,"[['Truck138863', 941]]"
2507,200000,,"[['Truck138859', 961]]"
2508,200412,,"[['Truck138876', 917]]"
2509,200000,,"[['Truck138855', 973]]"
2511,200000,,"[['Truck138903', 855]]"
2515,200000,,"[['Truck138843', 1009], ['Truck138879', 919]]"
2516,200412,,"[['Truck138894', 880]]"
2517,200412,,"[['Truck138846', 1001]]"
2532,200412,,"[['Truck138838', 1036]]"
2533,200000,,"[['Truck138869', 962]]"
2533,200412,,"[['Truck138864', 972]]"
2535,200412,,"[['Truck138878', 939]]"
2536,200412,,"[['Truck138862', 980]]"
2543,200000,,"[['Truck138861', 992]]"
2554,200000,,"[['Truck138885', 943]]"
2557,200000,,"[['Truck138873', 976]]"
2560,200412,,"[['Truck138880', 959]]"
2564,200412,,"[['Truck138830', 1088], ['Truck138940', 813]]"
2569,200412,,"[['Truck138868', 998]]"
2573,200412,,"[['Truck138886', 957]]"
2577,200000,,"[['Truck138915', 891]]"
2577,200412,,"[['Truck138872', 996]]"
2579,200000,,"[['Truck138883', 973]]"
2580,200000,,"[['Truck138851', 1054], ['Truck138935', 844]]"
2582,200412,,"[['Truck138926', 866]]"
2588,200000,,"[['Truck138899', 942]]"
2588,200412,,"[['Truck138890', 962]]"
2590,200412,,"[['Truck138882', 984]]"
2596,200000,,"[['Truck138889', 975]]"
2597,200412,,"[['Truck138866', 1031]]"
2600,200000,,"[['Truck138907', 934]]"
2601,200000,,"[['Truck138895', 965]]"
2603,200412,,"[['Truck138912', 922]]"
2605,200412,,"[['Truck138892', 974]]"
2606,200000,,"[['Truck138939', 860]]"
2607,200000,,"[['Truck138937', 866]]"
2607,200412,,"[['Truck138888', 986], ['Truck138920', 906]]"
2609,200412,,"[['Truck138870', 1033]]"
2611,200000,,"[['Truck138881', 1010]]"
2613,200000,,"[['Truck138891', 987]]"
2622,200412,,"[['Truck138904', 961]]"
2623,200000,,"[['Truck138929', 902]]"
2623,200412,,"[['Truck138908', 952], ['Truck138956', 832]]"
2625,200000,,"[['Truck138925', 914]]"
2625,200412,,"[['Truck138914', 939]]"
2627,200000,,"[['Truck138849', 1106], ['Truck138931', 901]]"
2631,200000,,"[['Truck138893', 1000], ['Truck138943', 875]]"
2636,200000,,"[['Truck138901', 985], ['Truck138909', 965]]"
2639,200000,,"[['Truck138953', 858]]"
2642,200412,,"[['Truck138900', 991]]"
2646,200412,,"[['Truck138916', 955], ['Truck138946', 880]]"
2647,200000,,"[['Truck138967', 831]]"
2647,200412,,"[['Truck138932', 916]]"
2649,200000,,"[['Truck138917', 958]]"
2651,200412,,"[['Truck138944', 890]]"
2655,200412,,"[['Truck138930', 929]]"
2661,200412,,"[['Truck138902', 1005]]"
2664,200000,,"[['Truck138913', 983]]"
2665,200412,,"[['Truck138938', 919]]"
2670,200000,,"[['Truck138897', 1029]]"
2673,200412,,"[['Truck138954', 887]]"
2678,200000,,"[['Truck138921', 977]]"
2682,200000,,"[['Truck138961', 881]]"
2683,200000,,"[['Truck138957', 892]]"
2690,200000,,"[['Truck138911', 1014]]"
2692,200000,,"[['Truck138933', 961]]"
2694,200412,,"[['Truck138950', 918]]"
2695,200412,,"[['Truck138906', 1029]]"
2698,200000,,"[['Truck138923', 992]]"
2701,200412,,"[['Truck138960', 900]]"
2705,200000,,"[['Truck138955', 919]]"
2708,200000,,"[['Truck138927', 992]]"
2710,200000,,"[['Truck138995', 824]]"
2713,200000,,"[['Truck138905', 1052]]"
2713,200412,,"[['Truck138928', 992], ['Truck138948', 942]]"
2714,200000,,"[['Truck138919', 1018], ['Truck138983', 858]]"
2714,200412,,"[['Truck138922', 1008]]"
2724,200412,,"[['Truck138898', 1078]]"
2725,200412,,"[['Truck138884', 1114]]"
2734,200000,,"[['Truck138951', 958], ['Truck138973', 903]]"
2735,200412,,"[['Truck138918', 1039], ['Truck138984', 874]]"
2739,200412,,"[['Truck138978', 893]]"
2740,200412,,"[['Truck138936', 999]]"
2741,200000,,"[['Truck138969', 920]]"
2742,200412,,"[['Truck139006', 826]]"
2743,200000,,"[['Truck139003', 837]]"
2745,200412,,"[['Truck138968', 924]]"
2747,200000,,"[['Truck138941', 996]]"
2749,200000,,"[['Truck138971', 923]]"
2749,200412,,"[['Truck138962', 943]]"
2750,200412,,"[['Truck138972', 919]]"
2751,200000,,"[['Truck138949', 980]]"
2755,200412,,"[['Truck138966', 939]]"
2760,200000,,"[['Truck138947', 994], ['Truck138985', 899]]"
2762,200412,,"[['Truck138998', 866]]"
2764,200412,,"[['Truck138952', 983]]"
2775,200000,,"[['Truck138945', 1014]]"
2786,200412,,"[['Truck138980', 935]]"
2787,200000,,"[['Truck139013', 856]]"
2787,200412,,"[['Truck138942', 1031], ['Truck138964', 976]]"
2793,200412,,"[['Truck138976', 952], ['Truck139004', 882]]"
2799,200412,,"[['Truck138910', 1123]]"
2810,200412,,"[['Truck138970', 984]]"
2812,200412,,"[['Truck138934', 1076]]"
2813,200000,,"[['Truck138981', 962]]"
2815,200000,,"[['Truck139029', 844]]"
2819,200000,,"[['Truck138963', 1013]]"
2819,200412,,"[['Truck139026', 853]]"
2827,200000,,"[['Truck138987', 961], ['Truck139009', 906]]"
2828,200000,,"[['Truck138959', 1032]]"
2828,200412,,"[['Truck138924', 1117]]"
2831,200000,,"[['Truck139023', 875]]"
2832,200000,,"[['Truck138965', 1021]]"
2843,200000,,"[['Truck138977', 1002], ['Truck139019', 897]]"
2846,200000,,"[['Truck138991', 970]]"
2846,200412,,"[['Truck139002', 940]]"
2847,200412,,"[['Truck138994', 961]]"
2852,200000,,"[['Truck139063', 796]]"
2853,200000,,"[['Truck139015', 917]]"
2857,200412,,"[['Truck138990', 981]]"
2859,200412,,"[['Truck138974', 1023]]"
2860,200000,,"[['Truck138999', 964]]"
2862,200412,,"[['Truck138958', 1066], ['Truck138982', 1006]]"
2863,200412,,"[['Truck139014', 927]]"
2864,200412,,"[['Truck139012', 933]]"
2865,200000,,"[['Truck138993', 984]]"
2866,200000,,"[['Truck139001', 965]]"
2871,200412,,"[['Truck139000', 970]]"
2872,200412,,"[['Truck139038', 876]]"
2873,200412,,"[['Truck139028', 902]]"
2875,200000,,"[['Truck138979', 1029], ['Truck138997', 984]]"
2878,200412,,"[['Truck138986', 1012]]"
2883,200412,,"[['Truck138988', 1012]]"
2888,200000,,"[['Truck139007', 972]]"
2889,200412,,"[['Truck138996', 998]]"
2890,200000,,"[['Truck139017', 949]]"
2890,200412,,"[['Truck139016', 949]]"
2898,200000,,"[['Truck139025', 937]]"
2900,200000,,"[['Truck139011', 974]]"
2906,200412,,"[['Truck139068', 835]]"
2909,200000,,"[['Truck139005', 998]]"
2916,200000,,"[['Truck138975', 1080]]"
2918,200412,,"[['Truck138992', 1037], ['Truck139042', 912]]"
2919,200000,,"[['Truck139035', 933]]"
2923,200000,,"[['Truck139057', 882]]"
2924,200412,,"[['Truck139034', 938]]"
2927,200000,,"[['Truck139033', 946]]"
2929,200412,,"[['Truck139022', 973]]"
2930,200000,,"[['Truck139045', 919]]"
2931,200000,,"[['Truck139021', 980]]"
2931,200412,,"[['Truck139020', 980]]"
2933,200412,,"[['Truck139046', 917]]"
2934,200000,,"[['Truck139031', 958]]"
2942,200412,,"[['Truck139008', 1021]]"
2943,200000,,"[['Truck138989', 1072]]"
2944,200412,,"[['Truck139030', 968]]"
2945,200000,,"[['Truck139027', 979]]"
2946,200000,,"[['Truck139069', 875]]"
2947,200000,,"[['Truck139047', 931]]"
2950,200000,,"[['Truck139037', 959]]"
2952,200000,,"[['Truck139055', 916]]"
2954,200412,,"[['Truck139018', 1008]]"
2955,200412,,"[['Truck139066', 889]]"
2961,200412,,"[['Truck139080', 860]]"
2962,200000,,"[['Truck139039', 966]]"
2969,200412,,"[['Truck139062', 913]]"
2972,200412,,"[['Truck139032', 991]]"
2980,200412,,"[['Truck139010', 1054]]"
2985,200412,,"[['Truck139054', 949], ['Truck139082', 879]]"
2992,200000,,"[['Truck139071', 916]]"
2993,200000,,"[['Truck139051', 967]]"
2993,200412,,"[['Truck139036', 1002]]"
2996,200412,,"[['Truck139040', 995]]"
2997,200412,,"[['Truck139024', 1036]]"
3000,200000,,"[['Truck139061', 949]]"
3003,200000,,"[['Truck139083', 897]]"
3004,200000,,"[['Truck139075', 918]]"
3004,200412,,"[['Truck139094', 868]]"
3008,200412,,"[['Truck139058', 962]]"
3009,200000,,"[['Truck139041', 1008]]"
3016,200000,,"[['Truck139067', 950]]"
3017,200412,,"[['Truck139072', 936]]"
3021,200000,,"[['Truck139065', 960]]"
3022,200412,,"[['Truck139044', 1011], ['Truck139102', 866]]"
3023,200000,,"[['Truck139101', 872]]"
3024,200000,,"[['Truck139087', 908]]"
3027,200412,,"[['Truck139052', 996], ['Truck139088', 906]]"
3031,200000,,"[['Truck139049', 1010]]"
3031,200412,,"[['Truck139060', 980], ['Truck139096', 890]]"
3033,200412,,"[['Truck139064', 972]]"
3041,200000,,"[['Truck139105', 880]]"
3042,200000,,"[['Truck139059', 996], ['Truck139095', 906]]"
3047,200000,,"[['Truck139127', 831]]"
3048,200000,,"[['Truck139053', 1017]]"
3050,200000,,"[['Truck139085', 939], ['Truck139089', 929]]"
3052,200000,,"[['Truck139121', 851]]"
3059,200412,,"[['Truck139108', 888]]"
3060,200412,,"[['Truck139090', 934]]"
3063,200000,,"[['Truck139103', 907]]"
3063,200412,,"[['Truck139048', 1042]]"
3064,200412,,"[['Truck139074', 978]]"
3069,200412,,"[['Truck139104', 908]]"
3072,200412,,"[['Truck139098', 926]]"
3075,200412,,"[['Truck139050', 1049]]"
3080,200412,,"[['Truck139076', 989]]"
3081,200000,,"[['Truck139147', 815]]"
3082,200000,,"[['Truck139043', 1076], ['Truck139081', 981]]"
3084,200000,,"[['Truck139091', 958], ['Truck139107', 918]]"
3090,200000,,"[['Truck139143', 834]]"
3092,200412,,"[['Truck139120', 891]]"
3093,200000,,"[['Truck139093', 962]]"
3094,200412,,"[['Truck139070', 1018]]"
3095,200000,,"[['Truck139115', 909]]"
3110,200412,,"[['Truck139056', 1069]]"
3113,200000,,"[['Truck139079', 1017]]"
3116,200000,,"[['Truck139119', 920]]"
3120,200000,,"[['Truck139117', 929]]"
3121,200000,,"[['Truck139133', 890]]"
3127,200412,,"[['Truck139134', 891]]"
3132,200000,,"[['Truck139129', 911]]"
3139,200412,,"[['Truck139114', 953]]"
3140,200412,,"[['Truck139086', 1024]]"
3141,200412,,"[['Truck139142', 885]]"
3143,200000,,"[['Truck139077', 1052], ['Truck139139', 897]]"
3147,200000,,"[['Truck139073', 1066], ['Truck139109', 976]]"
3149,200000,,"[['Truck139159', 853]]"
3151,200412,,"[['Truck139118', 955]]"
3153,200412,,"[['Truck139084', 1042]]"
3156,200412,,"[['Truck139126', 940]]"
3157,200412,,"[['Truck139144', 896]]"
3159,200412,,"[['Truck139116', 968], ['Truck139180', 808]]"
3160,200412,,"[['Truck139078', 1064]]"
3163,200412,,"[['Truck139110', 987]]"
3167,200412,,"[['Truck139148', 896]]"
3169,200000,,"[['Truck139131', 943]]"
3172,200412,,"[['Truck139154', 886]]"
3177,200000,,"[['Truck139151', 901]]"
3178,200412,,"[['Truck139132', 947]]"
3180,200412,,"[['Truck139128', 959]]"
3181,200412,,"[['Truck139170', 855]]"
3182,200000,,"[['Truck139113', 1001]]"
3182,200412,,"[['Truck139112', 1001]]"
3183,200000,,"[['Truck139099', 1037]]"
3184,200000,,"[['Truck139137', 943]]"
3186,200000,,"[['Truck139125', 975]]"
3186,200412,,"[['Truck139138', 940]]"
3187,200412,,"[['Truck139122', 981]]"
3193,200000,,"[['Truck139153', 912]]"
3194,200000,,"[['Truck139135', 958]]"
3198,200000,,"[['Truck139111', 1022], ['Truck139141', 947]]"
3199,200000,,"[['Truck139149', 928]]"
3201,200412,,"[['Truck139092', 1070]]"
3203,200000,,"[['Truck139171', 877]]"
3204,200412,,"[['Truck139106', 1038]]"
3205,200412,,"[['Truck139150', 929]]"
3212,200412,,"[['Truck139174', 876]]"
3218,200000,,"[['Truck139167', 902]]"
3221,200000,,"[['Truck139097', 1080]]"
3222,200412,,"[['Truck139100', 1071]]"
3230,200412,,"[['Truck139146', 964]]"
3236,200000,,"[['Truck139177', 895]]"
3240,200412,,"[['Truck139124', 1029]]"
3241,200412,,"[['Truck139140', 990]]"
3246,200412,,"[['Truck139164', 935]]"
3249,200412,,"[['Truck139158', 953]]"
3250,200412,,"[['Truck139160', 949]]"
3253,200000,,"[['Truck139123', 1047], ['Truck139145', 992]]"
3255,200412,,"[['Truck139130', 1029]]"
3264,200412,,"[['Truck139166', 948]]"
3266,200412,,"[['Truck139152', 985]]"
3268,200000,,"[['Truck139161', 967]]"
3268,200412,,"[['Truck139168', 947]]"
3270,200000,,"[['Truck139175', 934]]"
3270,200412,,"[['Truck139200', 869]]"
3273,200412,,"[['Truck139156', 982]]"
3274,200412,,"[['Truck139186', 908]]"
3275,200412,,"[['Truck139216', 834]]"
3280,200412,,"[['Truck139206', 864]]"
3284,200412,,"[['Truck139162', 978]]"
3285,200000,,"[['Truck139163', 979], ['Truck139179', 939], ['Truck139185', 924]]"
3292,200000,,"[['Truck139193', 911]]"
3295,200000,,"[['Truck139155', 1009]]"
3298,200412,,"[['Truck139172', 967]]"
3308,200412,,"[['Truck139218', 862]]"
3316,200000,,"[['Truck139205', 905]]"
3318,200412,,"[['Truck139194', 932]]"
3319,200412,,"[['Truck139178', 973]]"
3321,200000,,"[['Truck139183', 965]]"
3322,200000,,"[['Truck139215', 886]]"
3325,200000,,"[['Truck139173', 994]]"
3326,200412,,"[['Truck139192', 945]]"
3328,200000,,"[['Truck139199', 932]]"
3328,200412,,"[['Truck139136', 1087]]"
3331,200000,,"[['Truck139231', 855]]"
3332,200000,,"[['Truck139243', 826]]"
3339,200000,,"[['Truck139209', 918]]"
3350,200000,,"[['Truck139169', 1029], ['Truck139187', 984]]"
3351,200000,,"[['Truck139165', 1040]]"
3356,200412,,"[['Truck139222', 900]]"
3357,200412,,"[['Truck139190', 981]]"
3358,200000,,"[['Truck139189', 987]]"
3359,200412,,"[['Truck139176', 1018]]"
3365,200000,,"[['Truck139203', 959]]"
3365,200412,,"[['Truck139260', 814]]"
3372,200000,,"[['Truck139229', 901]]"
3375,200000,,"[['Truck139225', 914]]"
3378,200000,,"[['Truck139197', 987], ['Truck139219', 932]]"
3380,200412,,"[['Truck139238', 884]]"
3381,200412,,"[['Truck139184', 1020], ['Truck139196', 990], ['Truck139202', 975], ['Truck139210', 955], ['Truck139212', 950]]"
3384,200412,,"[['Truck139208', 963]]"
3390,200000,,"[['Truck139195', 1004], ['Truck139211', 964]]"
3394,200000,,"[['Truck139235', 908]]"
3395,200000,,"[['Truck139181', 1044]]"
3395,200412,,"[['Truck139240', 894]]"
3397,200000,,"[['Truck139201', 996]]"
3398,200000,,"[['Truck139227', 932]]"
3401,200000,,"[['Truck139207', 985]]"
3401,200412,,"[['Truck139226', 935]]"
3408,200412,,"[['Truck139214', 972], ['Truck139266', 842]]"
3409,200000,,"[['Truck139223', 953]]"
3409,200412,,"[['Truck139204', 998]]"
3412,200000,,"[['Truck139191', 1036]]"
3416,200000,,"[['Truck139157', 1125]]"
3420,200412,,"[['Truck139234', 934]]"
3424,200000,,"[['Truck139213', 993]]"
3425,200000,,"[['Truck139237', 934]]"
3425,200412,,"[['Truck139182', 1069]]"
3430,200000,,"[['Truck139247', 914]]"
3430,200412,,"[['Truck139188', 1059]]"
3431,200412,,"[['Truck139252', 900]]"
3435,200000,,"[['Truck139221', 984]]"
3439,200412,,"[['Truck139232', 958]]"
3440,200412,,"[['Truck139250', 914]]"
3441,200412,,"[['Truck139248', 920]]"
3442,200000,,"[['Truck139255', 906]]"
3448,200412,,"[['Truck139242', 942]]"
3450,200412,,"[['Truck139228', 979]]"
3452,200412,,"[['Truck139224', 991]]"
3458,200412,,"[['Truck139236', 967]]"
3459,200412,,"[['Truck139244', 948]]"
3468,200000,,"[['Truck139257', 927]]"
3476,200000,,"[['Truck139299', 830]]"
3478,200000,,"[['Truck139239', 982]]"
3478,200412,,"[['Truck139230', 1002]]"
3480,200412,,"[['Truck139288', 859]]"
3481,200412,,"[['Truck139220', 1030], ['Truck139254', 945]]"
3483,200000,,"[['Truck139233', 1002]]"
3484,200000,,"[['Truck139245', 973]]"
3486,200000,,"[['Truck139297', 845]]"
3488,200412,,"[['Truck139198', 1092]]"
3489,200000,,"[['Truck139251', 963]]"
3501,200000,,"[['Truck139283', 895]]"
3501,200412,,"[['Truck139246', 985]]"
3503,200000,,"[['Truck139293', 872]]"
3504,200000,,"[['Truck139295', 868]]"
3505,200000,,"[['Truck139261', 954], ['Truck139303', 849]]"
3507,200412,,"[['Truck139282', 901]]"
3508,200412,,"[['Truck139264', 947]]"
3518,200000,,"[['Truck139291', 892]]"
3519,200000,,"[['Truck139249', 998]]"
3521,200000,,"[['Truck139241', 1020]]"
3524,200412,,"[['Truck139280', 923]]"
3525,200000,,"[['Truck139217', 1084]]"
3525,200412,,"[['Truck139298', 879]]"
3531,200000,,"[['Truck139285', 920]]"
3532,200000,,"[['Truck139273', 951]]"
3540,200412,,"[['Truck139308', 869]]"
3541,200412,,"[['Truck139268', 970]]"
3544,200000,,"[['Truck139279', 948]]"
3547,200412,,"[['Truck139292', 916]]"
3557,200412,,"[['Truck139278', 961]]"
3558,200000,,"[['Truck139289', 937]]"
3558,200412,,"[['Truck139270', 982]]"
3560,200412,,"[['Truck139300', 909]]"
3563,200412,,"[['Truck139290', 937]]"
3564,200000,,"[['Truck139315', 878]]"
3564,200412,,"[['Truck139258', 1018]]"
3570,200412,,"[['Truck139286', 954]]"
3572,200000,,"[['Truck139253', 1041]]"
3575,200000,,"[['Truck139265', 1014], ['Truck139343', 819]]"
3576,200412,,"[['Truck139294', 940]]"
3577,200000,,"[['Truck139327', 861]]"
3581,200000,,"[['Truck139267', 1015]]"
3584,200000,,"[['Truck139287', 968]]"
3585,200412,,"[['Truck139304', 924]]"
3586,200412,,"[['Truck139256', 1045]]"
3590,200000,,"[['Truck139277', 999]]"
3591,200412,,"[['Truck139302', 935], ['Truck139318', 895]]"
3594,200000,,"[['Truck139281', 993]]"
3596,200412,,"[['Truck139312', 915]]"
3600,200412,,"[['Truck139338', 854]]"
3603,200000,,"[['Truck139269', 1032]]"
3604,200000,,"[['Truck139301', 953]]"
3605,200412,,"[['Truck139276', 1014], ['Truck139326', 889]]"
3606,200412,,"[['Truck139296', 965], ['Truck139314', 920]]"
3612,200000,,"[['Truck139271', 1036]]"
3613,200000,,"[['Truck139275', 1027]]"
3616,200412,,"[['Truck139262', 1060], ['Truck139272', 1035]]"
3629,200412,,"[['Truck139336', 888]]"
3630,200412,,"[['Truck139332', 899]]"
3631,200000,,"[['Truck139325', 920]]"
3639,200000,,"[['Truck139351', 863]]"
3644,200412,,"[['Truck139274', 1058]]"
3645,200000,,"[['Truck139259', 1099]]"
3646,200000,,"[['Truck139349', 875]]"
3651,200412,,"[['Truck139346', 885]]"
3653,200000,,"[['Truck139313', 972]]"
3656,200000,,"[['Truck139321', 955]]"
3658,200000,,"[['Truck139331', 932]]"
3659,200000,,"[['Truck139357', 868]]"
3662,200412,,"[['Truck139372', 831]]"
3663,200412,,"[['Truck139328', 942]]"
3664,200412,,"[['Truck139284', 1053], ['Truck139320', 963]]"
3667,200000,,"[['Truck139263', 1111]]"
3668,200412,,"[['Truck139342', 912]]"
3671,200412,,"[['Truck139316', 980]]"
3673,200412,,"[['Truck139366', 857]]"
3676,200000,,"[['Truck139311', 1000]]"
3679,200000,,"[['Truck139353', 898]]"
3681,200000,,"[['Truck139337', 940]]"
3682,200000,,"[['Truck139369', 861]]"
3684,200412,,"[['Truck139354', 898]]"
3688,200412,,"[['Truck139330', 962]]"
3689,200412,,"[['Truck139324', 978]]"
3690,200412,,"[['Truck139340', 939]]"
3691,200412,,"[['Truck139334', 955]]"
3693,200000,,"[['Truck139319', 997]]"
3694,200000,,"[['Truck139329', 973]]"
3695,200000,,"[['Truck139341', 944]]"
3700,200000,,"[['Truck139367', 884]]"
3701,200000,,"[['Truck139363', 895]]"
3702,200000,,"[['Truck139359', 906]]"
3704,200412,,"[['Truck139370', 878]]"
3713,200000,,"[['Truck139323', 1007]]"
3715,200000,,"[['Truck139317', 1024]]"
3719,200412,,"[['Truck139348', 948]]"
3720,200000,,"[['Truck139305', 1059]]"
3732,200412,,"[['Truck139310', 1056]]"
3735,200412,,"[['Truck139322', 1029], ['Truck139362', 929]]"
3736,200000,,"[['Truck139361', 935]]"
3737,200000,,"[['Truck139333', 1006]]"
3738,200000,,"[['Truck139307', 1072]]"
3744,200412,,"[['Truck139352', 963]]"
3749,200000,,"[['Truck139335', 1013]]"
3749,200412,,"[['Truck139364', 938]]"
3751,200000,,"[['Truck139345', 990]]"
3752,200000,,"[['Truck139371', 926], ['Truck139391', 876]]"
3755,200412,,"[['Truck139344', 994]]"
3757,200000,,"[['Truck139411', 831]]"
3759,200412,,"[['Truck139376', 918]]"
3760,200412,,"[['Truck139382', 904]]"
3761,200000,,"[['Truck139309', 1090]]"
3762,200412,,"[['Truck139374', 926]]"
3764,200412,,"[['Truck139350', 988], ['Truck139380', 913]]"
3765,200000,,"[['Truck139355', 979], ['Truck139421', 814]]"
3770,200412,,"[['Truck139306', 1104]]"
3772,200000,,"[['Truck139339', 1026], ['Truck139373', 941]]"
3773,200412,,"[['Truck139392', 892]]"
3775,200000,,"[['Truck139393', 894]]"
3776,200412,,"[['Truck139414', 840]]"
3777,200000,,"[['Truck139387', 911]]"
3781,200000,,"[['Truck139449', 760]]"
3787,200412,,"[['Truck139420', 836]]"
3792,200000,,"[['Truck139385', 931]]"
3795,200000,,"[['Truck139401', 894]]"
3796,200000,,"[['Truck139395', 910]]"
3806,200000,,"[['Truck139409', 885]]"
3808,200000,,"[['Truck139397', 917]]"
3810,200000,,"[['Truck139381', 959]]"
3811,200000,,"[['Truck139413', 880]]"
3811,200412,,"[['Truck139356', 1020]]"
3813,200000,,"[['Truck139375', 977]]"
3821,200000,,"[['Truck139379', 975]]"
3823,200000,,"[['Truck139365', 1012]]"
3825,200412,,"[['Truck139360', 1024]]"
3827,200000,,"[['Truck139389', 956]]"
3827,200412,,"[['Truck139378', 981]]"
3829,200412,,"[['Truck139388', 958]]"
3833,200412,,"[['Truck139384', 972], ['Truck139398', 937]]"
3842,200412,,"[['Truck139412', 911]]"
3843,200000,,"[['Truck139383', 987]]"
3847,200000,,"[['Truck139347', 1081]]"
3848,200412,,"[['Truck139358', 1052]]"
3849,200412,,"[['Truck139396', 958]]"
3855,200412,,"[['Truck139386', 989]]"
3857,200412,,"[['Truck139408', 936]]"
3859,200000,,"[['Truck139377', 1018]]"
3870,200000,,"[['Truck139403', 964]]"
3870,200412,,"[['Truck139368', 1049]]"
3879,200000,,"[['Truck139405', 968]]"
3880,200000,,"[['Truck139407', 964]]"
3880,200412,,"[['Truck139426', 914]]"
3882,200412,,"[['Truck139404', 971]]"
3884,200412,,"[['Truck139390', 1008]]"
3892,200000,,"[['Truck139415', 956]]"
3899,200412,,"[['Truck139410', 973]]"
3901,200000,,"[['Truck139429', 930]]"
3901,200412,,"[['Truck139400', 1000]]"
3902,200412,,"[['Truck139422', 946]]"
3903,200412,,"[['Truck139438', 907]]"
3904,200412,,"[['Truck139406', 988]]"
3910,200412,,"[['Truck139394', 1024]]"
3916,200412,,"[['Truck139476', 825]]"
3917,200000,,"[['Truck139431', 941]]"
3920,200000,,"[['Truck139417', 979], ['Truck139445', 909]]"
3920,200412,,"[['Truck139454', 884]]"
3924,200000,,"[['Truck139459', 878]]"
3933,200000,,"[['Truck139399', 1037]]"
3936,200412,,"[['Truck139440', 935]]"
3937,200412,,"[['Truck139444', 926]]"
3940,200412,,"[['Truck139428', 969]]"
3945,200000,,"[['Truck139419', 999]]"
3947,200000,,"[['Truck139457', 906]]"
3950,200000,,"[['Truck139455', 914]]"
3952,200000,,"[['Truck139427', 986]]"
3955,200000,,"[['Truck139453', 924], ['Truck139469', 884]]"
3956,200000,,"[['Truck139471', 880]]"
3963,200000,,"[['Truck139473', 882]]"
3963,200412,,"[['Truck139436', 972]]"
3966,200412,,"[['Truck139430', 990]]"
3974,200000,,"[['Truck139437', 983]]"
3978,200000,,"[['Truck139467', 912]]"
3980,200412,,"[['Truck139448', 959]]"
3981,200000,,"[['Truck139443', 975], ['Truck139479', 885]]"
3981,200412,,"[['Truck139452', 950]]"
3984,200412,,"[['Truck139416', 1043]]"
3987,200000,,"[['Truck139423', 1031]]"
3989,200000,,"[['Truck139425', 1028]]"
3989,200412,,"[['Truck139488', 868]]"
3992,200412,,"[['Truck139486', 876]]"
3994,200412,,"[['Truck139462', 938], ['Truck139472', 913]]"
4000,200000,,"[['Truck139439', 1004], ['Truck139451', 974]]"
4001,200000,,"[['Truck139441', 1000]]"
4002,200000,,"[['Truck139433', 1021]]"
4006,200000,,"[['Truck139477', 915]]"
4006,200412,,"[['Truck139514', 820]]"
4009,200412,,"[['Truck139482', 903]]"
4012,200412,,"[['Truck139418', 1066]]"
4014,200412,,"[['Truck139424', 1053]]"
4015,200000,,"[['Truck139487', 899]]"
4018,200412,,"[['Truck139434', 1032]]"
4020,200412,,"[['Truck139402', 1114]]"
4023,200000,,"[['Truck139465', 962]]"
4024,200000,,"[['Truck139493', 893]]"
4024,200412,,"[['Truck139432', 1043]]"
4026,200000,,"[['Truck139435', 1040]]"
4028,200412,,"[['Truck139442', 1022]]"
4031,200000,,"[['Truck139463', 975]]"
4031,200412,,"[['Truck139446', 1015]]"
4041,200412,,"[['Truck139528', 820]]"
4051,200412,,"[['Truck139456', 1010]]"
4054,200412,,"[['Truck139458', 1008]]"
4056,200000,,"[['Truck139461', 1005], ['Truck139511', 880]]"
4057,200412,,"[['Truck139474', 971]]"
4060,200412,,"[['Truck139518', 864]]"
4065,200000,,"[['Truck139521', 864]]"
4065,200412,,"[['Truck139450', 1039], ['Truck139460', 1014]]"
4068,200412,,"[['Truck139492', 937]]"
4069,200412,,"[['Truck139466', 1003], ['Truck139496', 928]]"
4070,200412,,"[['Truck139490', 944]]"
4075,200000,,"[['Truck139523', 869], ['Truck139535', 839]]"
4075,200412,,"[['Truck139494', 939]]"
4079,200000,,"[['Truck139475', 993]]"
4081,200000,,"[['Truck139447', 1065]]"
4090,200000,,"[['Truck139503', 934]]"
4091,200000,,"[['Truck139491', 965]]"
4093,200412,,"[['Truck139480', 992]]"
4099,200412,,"[['Truck139470', 1023]]"
4104,200000,,"[['Truck139519', 908]]"
4107,200412,,"[['Truck139468', 1036]]"
4110,200000,,"[['Truck139497', 969]]"
4111,200000,,"[['Truck139483', 1005]]"
4112,200412,,"[['Truck139464', 1051]]"
4119,200412,,"[['Truck139500', 968], ['Truck139508', 948]]"
4121,200000,,"[['Truck139545', 860]]"
4126,200000,,"[['Truck139507', 960], ['Truck139513', 945]]"
4133,200412,,"[['Truck139506', 967]]"
4136,200412,,"[['Truck139512', 955]]"
4138,200000,,"[['Truck139501', 987]]"
4141,200000,,"[['Truck139543', 885]]"
4142,200412,,"[['Truck139516', 951]]"
4146,200000,,"[['Truck139537', 905]]"
4149,200000,,"[['Truck139517', 958]]"
4149,200412,,"[['Truck139502', 993]]"
4150,200000,,"[['Truck139481', 1049]]"
4151,200000,,"[['Truck139509', 980], ['Truck139525', 940]]"
4151,200412,,"[['Truck139504', 990]]"
4155,200000,,"[['Truck139505', 994]]"
4155,200412,,"[['Truck139534', 919]]"
4161,200000,,"[['Truck139485', 1050]]"
4163,200412,,"[['Truck139544', 902]]"
4164,200412,,"[['Truck139556', 873]]"
4166,200000,,"[['Truck139495', 1030]]"
4170,200000,,"[['Truck139499', 1024], ['Truck139547', 904]]"
4171,200412,,"[['Truck139478', 1075], ['Truck139538', 925]]"
4172,200412,,"[['Truck139520', 971]]"
4173,200000,,"[['Truck139527', 957]]"
4174,200412,,"[['Truck139542', 918]]"
4176,200412,,"[['Truck139510', 1000]]"
4179,200412,,"[['Truck139498', 1033], ['Truck139536', 938]]"
4183,200000,,"[['Truck139557', 892]]"
4189,200000,,"[['Truck139549', 918]]"
4190,200000,,"[['Truck139553', 909]]"
4191,200412,,"[['Truck139532', 960]]"
4192,200000,,"[['Truck139489', 1071]]"
4194,200000,,"[['Truck139529', 973]]"
4199,200000,,"[['Truck139515', 1013], ['Truck139563', 893]]"
4202,200412,,"[['Truck139530', 976]]"
4204,200000,,"[['Truck139539', 958]]"
4205,200000,,"[['Truck139555', 919]]"
4209,200000,,"[['Truck139533', 978]]"
4216,200412,,"[['Truck139564', 905]]"
4218,200412,,"[['Truck139522', 1012]]"
4221,200412,,"[['Truck139524', 1010]]"
4223,200412,,"[['Truck139560', 922]]"
4225,200412,,"[['Truck139546', 959], ['Truck139584', 864]]"
4228,200000,,"[['Truck139577', 887]]"
4230,200000,,"[['Truck139565', 919]]"
4233,200412,,"[['Truck139552', 952], ['Truck139568', 912]]"
4237,200412,,"[['Truck139484', 1126]]"
4245,200000,,"[['Truck139531', 1019]]"
4246,200412,,"[['Truck139550', 970]]"
4248,200000,,"[['Truck139559', 952]]"
4254,200412,,"[['Truck139554', 968]]"
4255,200412,,"[['Truck139548', 984]]"
4256,200000,,"[['Truck139541', 1005]]"
4257,200412,,"[['Truck139558', 961]]"
4258,200412,,"[['Truck139526', 1042]]"
4263,200000,,"[['Truck139583', 907]]"
4266,200412,,"[['Truck139572', 935]]"
4267,200412,,"[['Truck139598', 871]]"
4272,200412,,"[['Truck139596', 881]]"
4278,200412,,"[['Truck139540', 1027], ['Truck139570', 952], ['Truck139576', 937]]"
4283,200412,,"[['Truck139566', 967]]"
4285,200000,,"[['Truck139571', 959]]"
4290,200000,,"[['Truck139581', 939]]"
4292,200412,,"[['Truck139606', 876]]"
4293,200000,,"[['Truck139569', 972]]"
4295,200412,,"[['Truck139562', 989]]"
4299,200000,,"[['Truck139573', 968]]"
4300,200000,,"[['Truck139601', 899]]"
4304,200000,,"[['Truck139551', 1028]]"
4308,200412,,"[['Truck139592', 927]]"
4310,200412,,"[['Truck139582', 954]]"
4312,200000,,"[['Truck139611', 886]]"
4317,200000,,"[['Truck139625', 856]]"
4320,200412,,"[['Truck139638', 824]]"
4326,200000,,"[['Truck139623', 870]]"
4328,200000,,"[['Truck139585', 967]]"
4328,200412,,"[['Truck139574', 992]]"
4329,200412,,"[['Truck139608', 908]]"
4331,200000,,"[['Truck139621', 880]]"
4333,200000,,"[['Truck139613', 902]]"
4334,200412,,"[['Truck139618', 888]]"
4337,200000,,"[['Truck139597', 946]]"
4340,200000,,"[['Truck139589', 969]]"
4340,200412,,"[['Truck139600', 939]]"
4343,200000,,"[['Truck139619', 897]]"
4343,200412,,"[['Truck139578', 997]]"
4345,200000,,"[['Truck139607', 929]]"
4356,200412,,"[['Truck139586', 990]]"
4360,200000,,"[['Truck139561', 1059]]"
4361,200412,,"[['Truck139612', 930]]"
4363,200000,,"[['Truck139627', 897]]"
4364,200412,,"[['Truck139602', 958]]"
4366,200412,,"[['Truck139588', 995]]"
4379,200000,,"[['Truck139567', 1063]]"
4382,200000,,"[['Truck139639', 886]]"
4386,200000,,"[['Truck139595', 1000]]"
4386,200412,,"[['Truck139616', 945]]"
4387,200000,,"[['Truck139609', 966]]"
4394,200000,,"[['Truck139657', 853]]"
4394,200412,,"[['Truck139628', 923]]"
4399,200412,,"[['Truck139640', 898]]"
4404,200412,,"[['Truck139622', 948]]"
4405,200000,,"[['Truck139593', 1024]]"
4409,200412,,"[['Truck139646', 893]]"
4411,200412,,"[['Truck139614', 975]]"
4413,200000,,"[['Truck139575', 1077], ['Truck139591', 1037], ['Truck139615', 977]]"
4414,200412,,"[['Truck139590', 1038]]"
4415,200412,,"[['Truck139636', 924]]"
4417,200000,,"[['Truck139579', 1071]]"
4420,200412,,"[['Truck139654', 884]]"
4429,200000,,"[['Truck139641', 928]]"
4431,200412,,"[['Truck139624', 970]]"
4432,200412,,"[['Truck139626', 966]]"
4440,200412,,"[['Truck139610', 1014]]"
4441,200412,,"[['Truck139660', 890]]"
4444,200412,,"[['Truck139632', 963]]"
4445,200000,,"[['Truck139671', 869]]"
4445,200412,,"[['Truck139652', 914]]"
4447,200000,,"[['Truck139587', 1081]]"
4451,200000,,"[['Truck139633', 970]]"
4452,200412,,"[['Truck139630', 976]]"
4453,200000,,"[['Truck139655', 917]]"
4455,200000,,"[['Truck139603', 1049]]"
4457,200000,,"[['Truck139663', 901]]"
4457,200412,,"[['Truck139580', 1106], ['Truck139634', 971]]"
4461,200412,,"[['Truck139642', 955]]"
4462,200000,,"[['Truck139605', 1051]]"
4466,200000,,"[['Truck139645', 955]]"
4468,200000,,"[['Truck139669', 897]]"
4470,200412,,"[['Truck139604', 1059]]"
4471,200000,,"[['Truck139667', 905]]"
4471,200412,,"[['Truck139644', 960]]"
4479,200412,,"[['Truck139650', 953]]"
4481,200000,,"[['Truck139649', 960]]"
4482,200000,,"[['Truck139695', 846]]"
4486,200000,,"[['Truck139675', 900]]"
4490,200000,,"[['Truck139617', 1049], ['Truck139715', 804]]"
4494,200000,,"[['Truck139631', 1018]]"
4499,200412,,"[['Truck139662', 943]]"
4500,200412,,"[['Truck139594', 1114]]"
4502,200412,,"[['Truck139648', 981]]"
4504,200000,,"[['Truck139647', 988]]"
4504,200412,,"[['Truck139678', 908]]"
4507,200000,,"[['Truck139651', 981]]"
4507,200412,,"[['Truck139684', 896]]"
4511,200000,,"[['Truck139599', 1115]]"
4512,200412,,"[['Truck139658', 966], ['Truck139664', 951]]"
4518,200000,,"[['Truck139661', 967]]"
4518,200412,,"[['Truck139620', 1067]]"
4521,200000,,"[['Truck139659', 975]]"
4521,200412,,"[['Truck139690', 895]]"
4525,200412,,"[['Truck139680', 924]]"
4529,200000,,"[['Truck139635', 1043]]"
4531,200000,,"[['Truck139707', 865]]"
4533,200000,,"[['Truck139629', 1062]]"
4533,200412,,"[['Truck139682', 927]]"
4537,200412,,"[['Truck139670', 961], ['Truck139672', 956]]"
4543,200000,,"[['Truck139681', 942]]"
4545,200000,,"[['Truck139697', 904]]"
4546,200000,,"[['Truck139683', 940]]"
4547,200412,,"[['Truck139668', 976]]"
4548,200000,,"[['Truck139679', 952]]"
4548,200412,,"[['Truck139696', 907]]"
4554,200412,,"[['Truck139656', 1013]]"
4557,200000,,"[['Truck139689', 936], ['Truck139701', 906]]"
4563,200000,,"[['Truck139677', 972]]"
4564,200000,,"[['Truck139703', 908]]"
4569,200412,,"[['Truck139688', 948], ['Truck139700', 918]]"
4576,200412,,"[['Truck139710', 900]]"
4580,200000,,"[['Truck139721', 879]]"
4581,200000,,"[['Truck139685', 970], ['Truck139725', 870]]"
4581,200412,,"[['Truck139666', 1015]]"
4583,200000,,"[['Truck139709', 912]]"
4584,200000,,"[['Truck139653', 1053]]"
4584,200412,,"[['Truck139686', 968]]"
4585,200412,,"[['Truck139698', 939]]"
4587,200000,,"[['Truck139637', 1096]]"
4588,200412,,"[['Truck139674', 1002]]"
4591,200412,,"[['Truck139756', 800]]"
4592,200000,,"[['Truck139705', 931]]"
4594,200412,,"[['Truck139718', 898]]"
4597,200000,,"[['Truck139665', 1036], ['Truck139687', 981], ['Truck139693', 966]]"
4604,200000,,"[['Truck139643', 1098]]"
4606,200412,,"[['Truck139692', 975]]"
4608,200000,,"[['Truck139699', 962]]"
4617,200000,,"[['Truck139719', 921]]"
4619,200000,,"[['Truck139713', 938]]"
4626,200000,,"[['Truck139727', 910], ['Truck139747', 860]]"
4628,200000,,"[['Truck139735', 892]]"
4629,200412,,"[['Truck139716', 938]]"
4630,200000,,"[['Truck139691', 1004]]"
4634,200412,,"[['Truck139740', 883]]"
4635,200000,,"[['Truck139749', 864]]"
4635,200412,,"[['Truck139720', 934], ['Truck139738', 889]]"
4636,200000,,"[['Truck139717', 945], ['Truck139741', 885]]"
4636,200412,,"[['Truck139702', 980], ['Truck139714', 950]]"
4646,200000,,"[['Truck139763', 840]]"
4650,200412,,"[['Truck139706', 984]]"
4652,200412,,"[['Truck139722', 946]]"
4654,200412,,"[['Truck139758', 858]]"
4656,200000,,"[['Truck139711', 980]]"
4656,200412,,"[['Truck139712', 975], ['Truck139742', 900]]"
4659,200412,,"[['Truck139724', 948]]"
4661,200000,,"[['Truck139733', 930]]"
4662,200000,,"[['Truck139753', 881]]"
4662,200412,,"[['Truck139708', 991]]"
4665,200000,,"[['Truck139673', 1084], ['Truck139757', 874]]"
4665,200412,,"[['Truck139728', 944]]"
4668,200000,,"[['Truck139743', 912]]"
4668,200412,,"[['Truck139676', 1077], ['Truck139704', 1007]]"
4676,200412,,"[['Truck139734', 940]]"
4679,200412,,"[['Truck139752', 898]]"
4693,200412,,"[['Truck139762', 887]]"
4694,200000,,"[['Truck139729', 973]]"
4696,200412,,"[['Truck139694', 1060]]"
4698,200000,,"[['Truck139723', 992]]"
4698,200412,,"[['Truck139732', 967]]"
4701,200000,,"[['Truck139761', 900]]"
4704,200412,,"[['Truck139726', 988]]"
4706,200412,,"[['Truck139772', 875]]"
4708,200412,,"[['Truck139746', 942]]"
4712,200000,,"[['Truck139777', 871]]"
4715,200412,,"[['Truck139730', 989]]"
4717,200412,,"[['Truck139782', 861]]"
4721,200000,,"[['Truck139737', 980]]"
4723,200000,,"[['Truck139751', 947]]"
4724,200412,,"[['Truck139776', 883]]"
4725,200412,,"[['Truck139736', 984]]"
4728,200000,,"[['Truck139739', 982]]"
4730,200000,,"[['Truck139771', 904]]"
4732,200000,,"[['Truck139775', 896]]"
4743,200412,,"[['Truck139750', 967]]"
4752,200412,,"[['Truck139744', 991]]"
4755,200000,,"[['Truck139731', 1029]]"
4756,200000,,"[['Truck139755', 970], ['Truck139783', 900]]"
4756,200412,,"[['Truck139754', 970]]"
4759,200000,,"[['Truck139805', 848]]"
4763,200000,,"[['Truck139773', 932]]"
4767,200000,,"[['Truck139745', 1006]]"
4770,200412,,"[['Truck139748', 999]]"
4772,200000,,"[['Truck139785', 911]]"
4774,200412,,"[['Truck139774', 938]]"
4778,200000,,"[['Truck139765', 967]]"
4779,200412,,"[['Truck139760', 978]]"
4788,200000,,"[['Truck139787', 922]]"
4790,200412,,"[['Truck139770', 964]]"
4795,200412,,"[['Truck139780', 944]]"
4799,200412,,"[['Truck139766', 983]]"
4800,200000,,"[['Truck139801', 899]]"
4801,200412,,"[['Truck139786', 935], ['Truck139796', 910]]"
4802,200412,,"[['Truck139790', 926]]"
4806,200000,,"[['Truck139791', 930]]"
4808,200412,,"[['Truck139802', 902]]"
4814,200000,,"[['Truck139827', 848]]"
4815,200000,,"[['Truck139803', 909]]"
4818,200000,,"[['Truck139767', 1002]]"
4821,200000,,"[['Truck139851', 795]]"
4821,200412,,"[['Truck139814', 885]]"
4825,200412,,"[['Truck139788', 954]]"
4828,200000,,"[['Truck139797', 937]]"
4832,200000,,"[['Truck139779', 986]]"
4839,200412,,"[['Truck139784', 978]]"
4840,200000,,"[['Truck139849', 819]]"
4845,200000,,"[['Truck139769', 1024]]"
4846,200412,,"[['Truck139810', 920]]"
4851,200412,,"[['Truck139806', 935]]"
4852,200412,,"[['Truck139794', 966], ['Truck139822', 896]]"
4854,200000,,"[['Truck139807', 938]]"
4854,200412,,"[['Truck139800', 953]]"
4857,200000,,"[['Truck139759', 1061]]"
4858,200000,,"[['Truck139793', 977]]"
4858,200412,,"[['Truck139828', 887]]"
4859,200000,,"[['Truck139781', 1008]]"
4863,200000,,"[['Truck139825', 902], ['Truck139829', 892]]"
4872,200412,,"[['Truck139768', 1051], ['Truck139778', 1026]]"
4873,200412,,"[['Truck139764', 1062]]"
4875,200000,,"[['Truck139843', 869]]"
4876,200412,,"[['Truck139792', 995]]"
4886,200412,,"[['Truck139826', 920]]"
4887,200000,,"[['Truck139809', 966]]"
4888,200412,,"[['Truck139804', 977], ['Truck139846', 872]]"
4890,200412,,"[['Truck139812', 959], ['Truck139818', 944]]"
4892,200000,,"[['Truck139813', 961]]"
4895,200000,,"[['Truck139815', 959], ['Truck139817', 954]]"
4896,200412,,"[['Truck139830', 920]]"
4897,200000,,"[['Truck139877', 806]]"
4910,200000,,"[['Truck139789', 1039]]"
4915,200412,,"[['Truck139820', 964]]"
4919,200000,,"[['Truck139859', 873]]"
4923,200412,,"[['Truck139824', 962], ['Truck139868', 852]]"
4927,200000,,"[['Truck139795', 1041], ['Truck139811', 1001]]"
4931,200000,,"[['Truck139823', 975]]"
4932,200000,,"[['Truck139853', 901]]"
4932,200412,,"[['Truck139852', 901]]"
4933,200412,,"[['Truck139862', 877]]"
4934,200000,,"[['Truck139847', 918]]"
4939,200000,,"[['Truck139855', 903]]"
4942,200412,,"[['Truck139798', 1046]]"
4944,200412,,"[['Truck139842', 938]]"
4947,200412,,"[['Truck139838', 951]]"
4949,200000,,"[['Truck139871', 873]]"
4949,200412,,"[['Truck139848', 928]]"
4950,200000,,"[['Truck139835', 964]]"
4950,200412,,"[['Truck139836', 959]]"
4952,200000,,"[['Truck139865', 891]]"
4953,200000,,"[['Truck139833', 972]]"
4954,200000,,"[['Truck139799', 1058]]"
4961,200000,,"[['Truck139869', 890]]"
4963,200000,,"[['Truck139867', 897]]"
4964,200000,,"[['Truck139821', 1013]]"
4967,200000,,"[['Truck139839', 971]]"
4967,200412,,"[['Truck139808', 1046]]"
4969,200000,,"[['Truck139863', 913]]"
4969,200412,,"[['Truck139816', 1028]]"
4971,200000,,"[['Truck139837', 980], ['Truck139841', 970]]"
4972,200412,,"[['Truck139870', 896]]"
4974,200412,,"[['Truck139874', 888]]"
4987,200000,,"[['Truck139881', 886], ['Truck139891', 861]]"
4987,200412,,"[['Truck139832', 1006]]"
4988,200412,,"[['Truck139834', 1002]]"
4990,200000,,"[['Truck139831', 1014]]"
4992,200412,,"[['Truck139854', 956]]"
4996,200000,,"[['Truck139935', 760]]"
5001,200000,,"[['Truck139899', 855]]"
5004,200412,,"[['Truck139900', 853]]"
5009,200000,,"[['Truck139857', 968]]"
5009,200412,,"[['Truck139850', 983]]"
5010,200412,,"[['Truck139856', 969]]"
5013,200412,,"[['Truck139896', 872]]"
5015,200000,,"[['Truck139861', 964]]"
5018,200412,,"[['Truck139840', 1017]]"
5023,200000,,"[['Truck139883', 917]]"
5031,200412,,"[['Truck139860', 980]]"
5041,200000,,"[['Truck139889', 920]]"
5041,200412,,"[['Truck139876', 950]]"
5042,200412,,"[['Truck139872', 961]]"
5044,200412,,"[['Truck139866', 978]]"
5052,200000,,"[['Truck139915', 866]]"
5053,200000,,"[['Truck139907', 887]]"
5057,200412,,"[['Truck139926', 841]]"
5061,200412,,"[['Truck139880', 960]]"
5062,200412,,"[['Truck139878', 966]]"
5067,200000,,"[['Truck139875', 981]]"
5069,200000,,"[['Truck139879', 973]]"
5077,200000,,"[['Truck139923', 871]]"
5079,200412,,"[['Truck139882', 973]]"
5080,200000,,"[['Truck139903', 924]]"
5081,200412,,"[['Truck139858', 1035]]"
5084,200000,,"[['Truck139893', 953]]"
5085,200412,,"[['Truck139902', 929]]"
5086,200000,,"[['Truck139845', 1075]]"
5086,200412,,"[['Truck139884', 975]]"
5087,200412,,"[['Truck139844', 1076]]"
5089,200000,,"[['Truck139885', 978]]"
5092,200000,,"[['Truck139819', 1146], ['Truck139873', 1011]]"
5094,200412,,"[['Truck139914', 908]]"
5101,200000,,"[['Truck139911', 925], ['Truck139913', 920]]"
5101,200412,,"[['Truck139890', 975]]"
5103,200000,,"[['Truck139919', 907]]"
5103,200412,,"[['Truck139892', 972]]"
5107,200412,,"[['Truck139938', 861]]"
5109,200000,,"[['Truck139925', 898]]"
5110,200000,,"[['Truck139941', 859]]"
5115,200000,,"[['Truck139905', 954]]"
5115,200412,,"[['Truck139906', 949], ['Truck139930', 889]]"
5116,200412,,"[['Truck139898', 970]]"
5119,200000,,"[['Truck139897', 978]]"
5129,200412,,"[['Truck139888', 1008]]"
5132,200000,,"[['Truck139895', 996]]"
5134,200000,,"[['Truck139931', 908]]"
5138,200412,,"[['Truck139934', 902]]"
5140,200000,,"[['Truck139887', 1024]]"
5141,200000,,"[['Truck139933', 910]]"
5142,200412,,"[['Truck139894', 1006]]"
5143,200000,,"[['Truck139901', 992]]"
5145,200000,,"[['Truck139955', 859]]"
5152,200000,,"[['Truck139959', 856]]"
5152,200412,,"[['Truck139908', 981]]"
5153,200000,,"[['Truck139917', 962]]"
5156,200000,,"[['Truck139921', 955]]"
5158,200412,,"[['Truck139864', 1097]]"
5161,200412,,"[['Truck139916', 970]]"
5166,200000,,"[['Truck139951', 890]]"
5167,200412,,"[['Truck139924', 956]]"
5170,200000,,"[['Truck139947', 904]]"
5170,200412,,"[['Truck139958', 874]]"
5171,200412,,"[['Truck139912', 990]]"
5175,200000,,"[['Truck139929', 954]]"
5177,200412,,"[['Truck139942', 921]]"
5180,200000,,"[['Truck139965', 869]]"
5191,200412,,"[['Truck139932', 960]]"
5193,200412,,"[['Truck139950', 917]]"
5194,200412,,"[['Truck139886', 1078]]"
5197,200412,,"[['Truck139954', 911]]"
5205,200412,,"[['Truck139936', 964]]"
5206,200000,,"[['Truck139969', 885]]"
5210,200412,,"[['Truck139940', 959]]"
5215,200412,,"[['Truck139904', 1054]]"
5219,200412,,"[['Truck139960', 918]]"
5222,200412,,"[['Truck139964', 911]]"
5223,200000,,"[['Truck139909', 1052]]"
5224,200412,,"[['Truck139946', 958]]"
5225,200412,,"[['Truck139962', 919]]"
5226,200000,,"[['Truck139985', 865]]"
5229,200412,,"[['Truck139944', 968]]"
5241,200000,,"[['Truck139939', 995], ['Truck139945', 980]]"
5241,200412,,"[['Truck139928', 1020]]"
5243,200412,,"[['Truck139922', 1037]]"
5246,200000,,"[['Truck139943', 990]]"
5250,200412,,"[['Truck139918', 1054]]"
5257,200412,,"[['Truck139910', 1081]]"
5262,200000,,"[['Truck139937', 1021]]"
5263,200412,,"[['Truck139920', 1062]]"
5269,200000,,"[['Truck139971', 943], ['Truck139991', 893]]"
5281,200000,,"[['Truck139927', 1065]]"
5281,200412,,"[['Truck139970', 955]]"
5282,200000,,"[['Truck139949', 1011]]"
5284,200412,,"[['Truck139996', 893]]"
5286,200412,,"[['Truck139992', 905]]"
5287,200412,,"[['Truck139974', 951]]"
5288,200412,,"[['Truck140020', 837]]"
5291,200412,,"[['Truck139952', 1010]]"
5297,200412,,"[['Truck139966', 981], ['Truck140010', 871]]"
5299,200000,,"[['Truck139973', 968]]"
5300,200412,,"[['Truck139998', 904]]"
5301,200412,,"[['Truck139988', 930]]"
5303,200000,,"[['Truck139953', 1022]]"
5303,200412,,"[['Truck139976', 962]]"
5305,200412,,"[['Truck139968', 984]]"
5309,200412,,"[['Truck139982', 953]]"
5310,200412,,"[['Truck139972', 979]]"
5312,200000,,"[['Truck139979', 966]]"
5315,200000,,"[['Truck140005', 904]]"
5317,200412,,"[['Truck139980', 966]]"
5318,200000,,"[['Truck139993', 937]]"
5319,200000,,"[['Truck139995', 933]]"
5326,200412,,"[['Truck139994', 940]]"
5330,200412,,"[['Truck140018', 884]]"
5332,200412,,"[['Truck139986', 966]]"
5334,200412,,"[['Truck139956', 1043]]"
5336,200412,,"[['Truck139948', 1065], ['Truck140000', 935]]"
5337,200412,,"[['Truck140048', 816]]"
5341,200000,,"[['Truck139977', 1000]]"
5341,200412,,"[['Truck140028', 870]]"
5343,200000,,"[['Truck140013', 912]]"
5343,200412,,"[['Truck140024', 882]]"
5346,200412,,"[['Truck139990', 970]]"
5348,200000,,"[['Truck139999', 952], ['Truck140011', 922]]"
5349,200000,,"[['Truck139981', 998]]"
5350,200000,,"[['Truck139961', 1049], ['Truck139975', 1014]]"
5353,200412,,"[['Truck140036', 862]]"
5356,200000,,"[['Truck139967', 1040]]"
5357,200412,,"[['Truck140042', 851]]"
5358,200000,,"[['Truck139983', 1002]]"
5364,200000,,"[['Truck139957', 1073]]"
5364,200412,,"[['Truck140002', 958]]"
5370,200000,,"[['Truck139963', 1064]]"
5370,200412,,"[['Truck140006', 954]]"
5371,200000,,"[['Truck139989', 1000]]"
5379,200000,,"[['Truck140031', 903]]"
5387,200000,,"[['Truck140037', 896]]"
5389,200000,,"[['Truck140001', 988]]"
5391,200412,,"[['Truck140040', 890]]"
5393,200000,,"[['Truck140039', 897]]"
5395,200412,,"[['Truck139984', 1034]]"
5396,200412,,"[['Truck139978', 1050]]"
5398,200412,,"[['Truck140016', 957]]"
5404,200000,,"[['Truck140033', 923]]"
5405,200000,,"[['Truck140009', 984]]"
5405,200412,,"[['Truck140046', 889]]"
5407,200000,,"[['Truck140017', 966]]"
5411,200412,,"[['Truck140014', 975]]"
5413,200000,,"[['Truck139987', 1047]]"
5417,200412,,"[['Truck140034', 931]]"
5426,200000,,"[['Truck140051', 900]]"
5427,200412,,"[['Truck140044', 916]]"
5429,200000,,"[['Truck140021', 978]]"
5432,200000,,"[['Truck139997', 1041], ['Truck140027', 966], ['Truck140053', 901]]"
5434,200412,,"[['Truck140062', 878]]"
5438,200412,,"[['Truck140052', 907]]"
5439,200000,,"[['Truck140007', 1023]]"
5447,200412,,"[['Truck140004', 1036], ['Truck140072', 866]]"
5448,200000,,"[['Truck140003', 1042]]"
5448,200412,,"[['Truck140050', 922]]"
5449,200000,,"[['Truck140081', 848]]"
5456,200412,,"[['Truck140064', 895]]"
5459,200000,,"[['Truck140019', 1013], ['Truck140055', 923]]"
5461,200412,,"[['Truck140022', 1005]]"
5466,200412,,"[['Truck140068', 895]]"
5470,200000,,"[['Truck140015', 1034]]"
5471,200000,,"[['Truck140025', 1010]]"
5473,200000,,"[['Truck140035', 987]]"
5474,200000,,"[['Truck140049', 953]]"
5476,200000,,"[['Truck140063', 920]]"
5477,200000,,"[['Truck140083', 871]]"
5480,200000,,"[['Truck140059', 934]]"
5481,200412,,"[['Truck140080', 880]]"
5483,200000,,"[['Truck140045', 972]]"
5485,200412,,"[['Truck140032', 1004]]"
5486,200000,,"[['Truck140041', 985]]"
5488,200000,,"[['Truck140077', 897]]"
5488,200412,,"[['Truck140090', 862]]"
5489,200412,,"[['Truck140038', 993], ['Truck140066', 923]]"
5490,200000,,"[['Truck140023', 1034]]"
5492,200000,,"[['Truck140043', 986]]"
5502,200412,,"[['Truck140026', 1036]]"
5507,200412,,"[['Truck140056', 966]]"
5509,200000,,"[['Truck140097', 868]]"
5522,200412,,"[['Truck140070', 946]]"
5524,200000,,"[['Truck140057', 983]]"
5528,200000,,"[['Truck140089', 907], ['Truck140095', 892]]"
5530,200412,,"[['Truck140078', 934]]"
5534,200000,,"[['Truck140101', 883]]"
5536,200000,,"[['Truck140047', 1020]]"
5537,200412,,"[['Truck140058', 991], ['Truck140100', 886]]"
5538,200412,,"[['Truck140088', 917]]"
5539,200000,,"[['Truck140071', 963]]"
5540,200000,,"[['Truck140073', 959]]"
5541,200412,,"[['Truck140074', 955]]"
5543,200000,,"[['Truck140029', 1072]]"
5545,200000,,"[['Truck140065', 984]]"
5546,200000,,"[['Truck140067', 980]]"
5552,200412,,"[['Truck140012', 1121]]"
5555,200412,,"[['Truck140112', 874]]"
5556,200412,,"[['Truck140092', 925]]"
5558,200000,,"[['Truck140093', 927]]"
5558,200412,,"[['Truck140008', 1137]]"
5560,200412,,"[['Truck140110', 884]]"
5561,200000,,"[['Truck140103', 905]]"
5564,200000,,"[['Truck140087', 948]]"
5564,200412,,"[['Truck140054', 1028]]"
5572,200000,,"[['Truck140091', 946], ['Truck140111', 896]]"
5574,200412,,"[['Truck140076', 983]]"
5580,200412,,"[['Truck140102', 924]]"
5583,200000,,"[['Truck140121', 882]]"
5584,200412,,"[['Truck140098', 938]]"
5591,200000,,"[['Truck140125', 880]]"
5591,200412,,"[['Truck140142', 835]]"
5594,200412,,"[['Truck140030', 1118], ['Truck140094', 958], ['Truck140106', 928]]"
5595,200000,,"[['Truck140075', 1009]]"
5600,200000,,"[['Truck140109', 929]]"
5612,200000,,"[['Truck140115', 926]]"
5613,200412,,"[['Truck140060', 1062], ['Truck140150', 837]]"
5615,200000,,"[['Truck140107', 949]]"
5615,200412,,"[['Truck140086', 999]]"
5617,200412,,"[['Truck140084', 1006]]"
5618,200412,,"[['Truck140134', 882]]"
5621,200000,,"[['Truck140123', 915]]"
5624,200000,,"[['Truck140085', 1013]]"
5625,200000,,"[['Truck140061', 1074]]"
5625,200412,,"[['Truck140096', 984]]"
5626,200412,,"[['Truck140124', 915]]"
5635,200412,,"[['Truck140140', 884]]"
5640,200412,,"[['Truck140164', 829]]"
5649,200000,,"[['Truck140117', 958]]"
5649,200412,,"[['Truck140104', 988]]"
5654,200412,,"[['Truck140116', 963]]"
5655,200000,,"[['Truck140119', 959]]"
5657,200000,,"[['Truck140131', 931]]"
5662,200000,,"[['Truck140069', 1091]]"
5666,200000,,"[['Truck140099', 1020]]"
5667,200412,,"[['Truck140082', 1061]]"
5668,200000,,"[['Truck140079', 1072]]"
5671,200412,,"[['Truck140146', 905]]"
5672,200000,,"[['Truck140127', 956]]"
5673,200000,,"[['Truck140129', 952]]"
5674,200412,,"[['Truck140138', 928]]"
5676,200412,,"[['Truck140130', 950]]"
5678,200412,,"[['Truck140114', 992], ['Truck140148', 907]]"
5679,200000,,"[['Truck140143', 923]]"
5680,200000,,"[['Truck140133', 949]]"
5681,200000,,"[['Truck140135', 945]]"
5682,200412,,"[['Truck140144', 921]]"
5683,200000,,"[['Truck140139', 937]]"
5686,200000,,"[['Truck140113', 1005]]"
5688,200412,,"[['Truck140132', 957]]"
5690,200412,,"[['Truck140128', 969]]"
5697,200412,,"[['Truck140160', 896]]"
5700,200412,,"[['Truck140180', 849]]"
5701,200000,,"[['Truck140105', 1040]]"
5702,200412,,"[['Truck140122', 996]]"
5707,200412,,"[['Truck140108', 1036], ['Truck140126', 991]]"
5711,200412,,"[['Truck140158', 915]]"
5719,200412,,"[['Truck140156', 928]]"
5725,200000,,"[['Truck140165', 914]]"
5731,200412,,"[['Truck140152', 950]]"
5735,200412,,"[['Truck140154', 949], ['Truck140162', 929]]"
5739,200000,,"[['Truck140151', 963]]"
5741,200000,,"[['Truck140163', 935]]"
5745,200412,,"[['Truck140178', 899]]"
5747,200000,,"[['Truck140137', 1006]]"
5749,200000,,"[['Truck140169', 928], ['Truck140177', 908], ['Truck140199', 853]]"
5749,200412,,"[['Truck140120', 1048]]"
5754,200000,,"[['Truck140153', 973]]"
5754,200412,,"[['Truck140184', 893]]"
5757,200000,,"[['Truck140181', 906]]"
5758,200412,,"[['Truck140194', 872]]"
5763,200000,,"[['Truck140193', 882]]"
5769,200000,,"[['Truck140171', 943], ['Truck140213', 838]]"
5777,200000,,"[['Truck140173', 946]]"
5783,200412,,"[['Truck140172', 952], ['Truck140190', 907]]"
5785,200412,,"[['Truck140206', 869]]"
5788,200000,,"[['Truck140149', 1017]]"
5789,200000,,"[['Truck140147', 1023]]"
5791,200412,,"[['Truck140192', 910]]"
5793,200412,,"[['Truck140166', 977]]"
5795,200000,,"[['Truck140203', 889]]"
5795,200412,,"[['Truck140136', 1054]]"
5798,200000,,"[['Truck140185', 937]]"
5801,200412,,"[['Truck140118', 1105]]"
5802,200412,,"[['Truck140174', 966]]"
5803,200000,,"[['Truck140189', 932]]"
5803,200412,,"[['Truck140170', 977]]"
5804,200000,,"[['Truck140155', 1018]]"
5805,200000,,"[['Truck140179', 959]]"
5806,200000,,"[['Truck140145', 1045], ['Truck140207', 890]]"
5813,200000,,"[['Truck140141', 1062], ['Truck140167', 997], ['Truck140201', 912]]"
5817,200412,,"[['Truck140202', 911]]"
5819,200000,,"[['Truck140187', 953]]"
5820,200000,,"[['Truck140157', 1029]]"
5822,200000,,"[['Truck140159', 1026]]"
5829,200000,,"[['Truck140161', 1028]]"
5830,200000,,"[['Truck140227', 864]]"
5833,200412,,"[['Truck140186', 967]]"
5838,200412,,"[['Truck140176', 997]]"
5840,200412,,"[['Truck140244', 829]]"
5861,200000,,"[['Truck140249', 840]]"
5863,200412,,"[['Truck140212', 932]]"
5864,200000,,"[['Truck140219', 918]]"
5869,200000,,"[['Truck140195', 983], ['Truck140231', 893]]"
5871,200412,,"[['Truck140230', 895]]"
5879,200412,,"[['Truck140216', 938]]"
5881,200000,,"[['Truck140197', 990], ['Truck140209', 960]]"
5882,200000,,"[['Truck140223', 926]]"
5884,200412,,"[['Truck140214', 948]]"
5885,200000,,"[['Truck140257', 844]]"
5885,200412,,"[['Truck140168', 1064]]"
5889,200412,,"[['Truck140188', 1018]]"
5895,200000,,"[['Truck140183', 1039]]"
5895,200412,,"[['Truck140182', 1039]]"
5896,200000,,"[['Truck140233', 915]]"
5898,200000,,"[['Truck140175', 1062]]"
5903,200412,,"[['Truck140232', 922]]"
5904,200412,,"[['Truck140208', 983]]"
5905,200000,,"[['Truck140245', 894]]"
5909,200412,,"[['Truck140210', 983]]"
5913,200000,,"[['Truck140215', 977]]"
5916,200000,,"[['Truck140251', 890]]"
5919,200412,,"[['Truck140198', 1023]]"
5920,200000,,"[['Truck140225', 959]]"
5934,200000,,"[['Truck140239', 938]]"
5935,200000,,"[['Truck140237', 944]]"
5937,200412,,"[['Truck140196', 1046]]"
5939,200412,,"[['Truck140256', 898]]"
5940,200000,,"[['Truck140255', 904]]"
5941,200000,,"[['Truck140191', 1065]]"
5943,200412,,"[['Truck140200', 1042], ['Truck140242', 937]]"
5945,200000,,"[['Truck140229', 974]]"
5945,200412,,"[['Truck140248', 924]]"
5949,200000,,"[['Truck140217', 1008], ['Truck140221', 998]]"
5949,200412,,"[['Truck140204', 1038]]"
5950,200412,,"[['Truck140222', 994]]"
5953,200412,,"[['Truck140300', 802]]"
5955,200412,,"[['Truck140266', 889]]"
5956,200412,,"[['Truck140228', 985]]"
5959,200000,,"[['Truck140253', 928]]"
5961,200412,,"[['Truck140268', 890]]"
5964,200412,,"[['Truck140226', 998]]"
5965,200000,,"[['Truck140241', 964]]"
5972,200412,,"[['Truck140236', 981]]"
5974,200000,,"[['Truck140205', 1063]]"
5978,200412,,"[['Truck140246', 962]]"
5980,200412,,"[['Truck140234', 994]]"
5982,200412,,"[['Truck140276', 891]]"
5990,200000,,"[['Truck140265', 929]]"
5992,200000,,"[['Truck140243', 986]]"
5992,200412,,"[['Truck140218', 1046]]"
5994,200000,,"[['Truck140211', 1068]]"
5995,200000,,"[['Truck140259', 949]]"
5995,200412,,"[['Truck140260', 944]]"
5998,200000,,"[['Truck140283', 892]]"
5998,200412,,"[['Truck140240', 997]]"
6000,200000,,"[['Truck140281', 899]]"
6000,200412,,"[['Truck140278', 904]]"
6001,200412,,"[['Truck140250', 975]]"
6002,200000,,"[['Truck140305', 841]]"
6006,200412,,"[['Truck140272', 925]]"
6007,200000,,"[['Truck140247', 991]]"
6008,200412,,"[['Truck140220', 1057]]"
6012,200000,,"[['Truck140235', 1026]]"
6013,200412,,"[['Truck140238', 1017], ['Truck140252', 982]]"
6015,200412,,"[['Truck140254', 979]]"
6016,200412,,"[['Truck140264', 955]]"
6020,200412,,"[['Truck140262', 964]]"
6022,200000,,"[['Truck140275', 936]]"
6023,200000,,"[['Truck140267', 957], ['Truck140269', 952]]"
6024,200412,,"[['Truck140286', 908]]"
6027,200000,,"[['Truck140277', 936]]"
6029,200000,,"[['Truck140271', 953]]"
6030,200412,,"[['Truck140274', 944]]"
6031,200000,,"[['Truck140279', 935]]"
6035,200000,,"[['Truck140291', 909]]"
6040,200412,,"[['Truck140290', 914]]"
6041,200412,,"[['Truck140284', 930]]"
6042,200412,,"[['Truck140224', 1081]]"
6051,200412,,"[['Truck140294', 915]]"
6053,200000,,"[['Truck140263', 997]]"
6057,200412,,"[['Truck140280', 956]]"
6061,200412,,"[['Truck140298', 915]]"
6063,200000,,"[['Truck140315', 877]]"
6067,200000,,"[['Truck140289', 946]]"
6068,200000,,"[['Truck140293', 937], ['Truck140295', 932]]"
6071,200000,,"[['Truck140273', 990], ['Truck140297', 930]]"
6074,200000,,"[['Truck140321', 873]]"
6081,200412,,"[['Truck140282', 975]]"
6082,200000,,"[['Truck140285', 971]]"
6091,200000,,"[['Truck140331', 865]]"
6097,200000,,"[['Truck140261', 1046]]"
6097,200412,,"[['Truck140258', 1051], ['Truck140328', 876]]"
6098,200000,,"[['Truck140345', 837]]"
6102,200412,,"[['Truck140314', 916]]"
6104,200412,,"[['Truck140312', 923]]"
6105,200000,,"[['Truck140287', 989]]"
6107,200412,,"[['Truck140306', 941]]"
6109,200412,,"[['Truck140346', 843]]"
6110,200000,,"[['Truck140325', 899]]"
6111,200000,,"[['Truck140313', 930]]"
6112,200000,,"[['Truck140317', 921]]"
6114,200412,,"[['Truck140288', 993]]"
6116,200412,,"[['Truck140308', 945]]"
6123,200000,,"[['Truck140339', 877]]"
6125,200000,,"[['Truck140327', 909]]"
6126,200000,,"[['Truck140359', 830]]"
6126,200412,,"[['Truck140302', 970]]"
6129,200000,,"[['Truck140303', 973]]"
6131,200000,,"[['Truck140301', 980]]"
6135,200412,,"[['Truck140304', 974], ['Truck140322', 929]]"
6138,200000,,"[['Truck140311', 962]]"
6141,200412,,"[['Truck140270', 1065]]"
6149,200412,,"[['Truck140310', 973]]"
6160,200412,,"[['Truck140338', 914]]"
6167,200000,,"[['Truck140343', 911]]"
6168,200000,,"[['Truck140323', 962], ['Truck140337', 927]]"
6168,200412,,"[['Truck140324', 957]]"
6171,200000,,"[['Truck140307', 1005]]"
6172,200412,,"[['Truck140340', 921], ['Truck140344', 911]]"
6175,200000,,"[['Truck140309', 1004], ['Truck140353', 894]]"
6175,200412,,"[['Truck140316', 984]]"
6176,200000,,"[['Truck140319', 980]]"
6176,200412,,"[['Truck140292', 1045]]"
6177,200412,,"[['Truck140358', 881]]"
6178,200412,,"[['Truck140342', 922]]"
6180,200412,,"[['Truck140296', 1039]]"
6184,200412,,"[['Truck140318', 988]]"
6199,200412,,"[['Truck140336', 958]]"
6200,200000,,"[['Truck140341', 949]]"
6202,200000,,"[['Truck140373', 871]]"
6216,200000,,"[['Truck140329', 995]]"
6220,200412,,"[['Truck140356', 929]]"
6221,200000,,"[['Truck140355', 935]]"
6221,200412,,"[['Truck140370', 895]]"
6222,200000,,"[['Truck140379', 876]]"
6230,200000,,"[['Truck140389', 859]]"
6232,200412,,"[['Truck140360', 931]]"
6239,200000,,"[['Truck140335', 1003]]"
6241,200000,,"[['Truck140445', 730]]"
6242,200412,,"[['Truck140334', 1006]]"
6243,200412,,"[['Truck140380', 892]]"
6245,200000,,"[['Truck140349', 974], ['Truck140403', 839]]"
6247,200000,,"[['Truck140357', 956]]"
6248,200000,,"[['Truck140375', 912]]"
6251,200000,,"[['Truck140299', 1105]]"
6252,200000,,"[['Truck140363', 946]]"
6254,200000,,"[['Truck140351', 978]]"
6259,200000,,"[['Truck140367', 943]]"
6259,200412,,"[['Truck140326', 1043]]"
6262,200000,,"[['Truck140387', 896]]"
6264,200000,,"[['Truck140415', 828]]"
6270,200412,,"[['Truck140390', 894]]"
6274,200412,,"[['Truck140368', 953]]"
6276,200412,,"[['Truck140332', 1045], ['Truck140354', 990], ['Truck140384', 915]]"
6279,200412,,"[['Truck140382', 923]]"
6280,200412,,"[['Truck140330', 1054]]"
6281,200000,,"[['Truck140377', 940]]"
6282,200412,,"[['Truck140350', 1006]]"
6285,200412,,"[['Truck140396', 894]]"
6286,200412,,"[['Truck140394', 900]]"
6287,200412,,"[['Truck140352', 1006]]"
6288,200412,,"[['Truck140364', 977]]"
6298,200412,,"[['Truck140320', 1097]]"
6301,200412,,"[['Truck140388', 930]]"
6303,200000,,"[['Truck140333', 1072]]"
6305,200412,,"[['Truck140374', 969]]"
6307,200412,,"[['Truck140414', 871]]"
6309,200412,,"[['Truck140376', 968]]"
6311,200412,,"[['Truck140378', 965]]"
6314,200000,,"[['Truck140441', 813]]"
6315,200000,,"[['Truck140361', 1014]]"
6317,200000,,"[['Truck140347', 1051]]"
6320,200412,,"[['Truck140362', 1014]]"
6324,200000,,"[['Truck140369', 1003]]"
6325,200000,,"[['Truck140365', 1014]]"
6326,200412,,"[['Truck140348', 1055]]"
6331,200412,,"[['Truck140410', 905]]"
6342,200412,,"[['Truck140392', 961], ['Truck140418', 896], ['Truck140430', 866]]"
6347,200412,,"[['Truck140372', 1016]]"
6348,200000,,"[['Truck140419', 902]]"
6351,200000,,"[['Truck140391', 975]]"
6353,200412,,"[['Truck140366', 1037]]"
6357,200000,,"[['Truck140425', 896]]"
6365,200000,,"[['Truck140417', 924], ['Truck140421', 914]]"
6366,200000,,"[['Truck140427', 900]]"
6367,200000,,"[['Truck140401', 966]]"
6369,200412,,"[['Truck140424', 908]]"
6371,200412,,"[['Truck140398', 975], ['Truck140442', 865]]"
6375,200000,,"[['Truck140385', 1014]]"
6376,200412,,"[['Truck140420', 925]]"
6379,200000,,"[['Truck140405', 968]]"
6385,200000,,"[['Truck140431', 909]]"
6386,200000,,"[['Truck140395', 1000]]"
6388,200412,,"[['Truck140404', 977]]"
6390,200000,,"[['Truck140433', 909], ['Truck140447', 874]]"
6391,200000,,"[['Truck140371', 1065]]"
6392,200412,,"[['Truck140386', 1026]]"
6401,200412,,"[['Truck140426', 935]]"
6402,200000,,"[['Truck140397', 1011]]"
6402,200412,,"[['Truck140408', 981]]"
6407,200000,,"[['Truck140383', 1051]]"
6409,200412,,"[['Truck140402', 1003]]"
6422,200000,,"[['Truck140439', 926]]"
6423,200000,,"[['Truck140409', 1002]]"
6427,200412,,"[['Truck140432', 946]]"
6428,200412,,"[['Truck140476', 837]]"
6429,200000,,"[['Truck140393', 1048]]"
6430,200412,,"[['Truck140478', 834]]"
6432,200000,,"[['Truck140483', 826]]"
6435,200412,,"[['Truck140400', 1034], ['Truck140438', 939]]"
6437,200000,,"[['Truck140411', 1011]]"
6442,200000,,"[['Truck140461', 891]]"
6443,200000,,"[['Truck140413', 1012], ['Truck140479', 847]]"
6446,200412,,"[['Truck140444', 935]]"
6447,200000,,"[['Truck140381', 1096]]"
6457,200000,,"[['Truck140399', 1061]]"
6459,200412,,"[['Truck140416', 1018]]"
6462,200412,,"[['Truck140464', 901]]"
6465,200000,,"[['Truck140453', 934]]"
6467,200000,,"[['Truck140429', 996]]"
6469,200000,,"[['Truck140435', 983]]"
6471,200412,,"[['Truck140472', 890]]"
6476,200412,,"[['Truck140412', 1045]]"
6481,200412,,"[['Truck140406', 1065], ['Truck140436', 990]]"
6483,200412,,"[['Truck140450', 957]]"
6484,200000,,"[['Truck140423', 1028]]"
6485,200412,,"[['Truck140468', 914]]"
6489,200000,,"[['Truck140469', 918]]"
6489,200412,,"[['Truck140488', 868]]"
6493,200000,,"[['Truck140443', 987]]"
6493,200412,,"[['Truck140496', 852]]"
6497,200412,,"[['Truck140440', 996]]"
6499,200000,,"[['Truck140463', 943]]"
6500,200412,,"[['Truck140428', 1029]]"
6502,200000,,"[['Truck140459', 956], ['Truck140493', 871]]"
6502,200412,,"[['Truck140490', 876]]"
6506,200000,,"[['Truck140501', 855]]"
6509,200412,,"[['Truck140474', 923]]"
6512,200000,,"[['Truck140407', 1096]]"
6514,200000,,"[['Truck140451', 988]]"
6514,200412,,"[['Truck140458', 968]]"
6517,200000,,"[['Truck140449', 996], ['Truck140455', 981]]"
6524,200000,,"[['Truck140509', 853]]"
6527,200412,,"[['Truck140454', 991]]"
6528,200412,,"[['Truck140466', 962], ['Truck140508', 857]]"
6537,200412,,"[['Truck140452', 1006]]"
6542,200000,,"[['Truck140471', 966]]"
6542,200412,,"[['Truck140422', 1086]]"
6548,200000,,"[['Truck140481', 947]]"
6549,200412,,"[['Truck140456', 1008]]"
6550,200412,,"[['Truck140448', 1029]]"
6551,200412,,"[['Truck140492', 920]]"
6552,200000,,"[['Truck140467', 986], ['Truck140533', 821]]"
6552,200412,,"[['Truck140526', 836]]"
6554,200000,,"[['Truck140513', 873]]"
6554,200412,,"[['Truck140494', 918]]"
6556,200000,,"[['Truck140473', 975]]"
6556,200412,,"[['Truck140500', 905]]"
6561,200000,,"[['Truck140485', 950]]"
6564,200000,,"[['Truck140543', 808]]"
6565,200000,,"[['Truck140495', 929]]"
6567,200412,,"[['Truck140470', 991]]"
6571,200412,,"[['Truck140434', 1085]]"
6572,200000,,"[['Truck140499', 926]]"
6574,200000,,"[['Truck140519', 878]]"
6574,200412,,"[['Truck140486', 958]]"
6581,200000,,"[['Truck140465', 1020]]"
6581,200412,,"[['Truck140512', 900]]"
6583,200412,,"[['Truck140482', 977]]"
6585,200412,,"[['Truck140480', 984]]"
6587,200000,,"[['Truck140437', 1096]]"
6588,200412,,"[['Truck140484', 977]]"
6589,200412,,"[['Truck140542', 833]]"
6591,200000,,"[['Truck140505', 930]]"
6595,200412,,"[['Truck140502', 939]]"
6596,200000,,"[['Truck140525', 885]]"
6601,200412,,"[['Truck140460', 1050]]"
6602,200412,,"[['Truck140514', 916], ['Truck140532', 871]]"
6603,200412,,"[['Truck140528', 882]]"
6604,200000,,"[['Truck140523', 898]]"
6604,200412,,"[['Truck140446', 1088]]"
6605,200412,,"[['Truck140462', 1049]]"
6607,200412,,"[['Truck140504', 946]]"
6609,200412,,"[['Truck140522', 903]]"
6611,200412,,"[['Truck140524', 900]]"
6613,200000,,"[['Truck140457', 1072], ['Truck140489', 992]]"
6618,200000,,"[['Truck140541', 867]]"
6622,200412,,"[['Truck140540', 871]]"
6625,200000,,"[['Truck140491', 999], ['Truck140507', 959]]"
6630,200000,,"[['Truck140515', 944]]"
6635,200000,,"[['Truck140539', 889]]"
6637,200000,,"[['Truck140565', 826]]"
6646,200412,,"[['Truck140530', 920]]"
6647,200000,,"[['Truck140531', 921]]"
6648,200000,,"[['Truck140563', 842]]"
6650,200000,,"[['Truck140475', 1064]]"
6655,200412,,"[['Truck140498', 1009]]"
6660,200412,,"[['Truck140538', 914]]"
6661,200000,,"[['Truck140503', 1005]]"
6662,200000,,"[['Truck140477', 1071]]"
6664,200412,,"[['Truck140518', 968]]"
6665,200000,,"[['Truck140511', 989]]"
6666,200412,,"[['Truck140536', 925]]"
6667,200000,,"[['Truck140497', 1026], ['Truck140537', 926]]"
6668,200000,,"[['Truck140487', 1052], ['Truck140549', 897]]"
6675,200412,,"[['Truck140510', 999], ['Truck140544', 914]]"
6676,200412,,"[['Truck140520', 975]]"
6679,200412,,"[['Truck140546', 913]]"
6681,200000,,"[['Truck140517', 990]]"
6681,200412,,"[['Truck140516', 990], ['Truck140554', 895]]"
6690,200412,,"[['Truck140548', 919]]"
6705,200000,,"[['Truck140561', 904], ['Truck140567', 889]]"
6705,200412,,"[['Truck140534', 969]]"
6707,200412,,"[['Truck140580', 856]]"
6713,200412,,"[['Truck140576', 872]]"
6718,200000,,"[['Truck140557', 927]]"
6719,200000,,"[['Truck140547', 953]]"
6721,200000,,"[['Truck140569', 900]]"
6726,200000,,"[['Truck140535', 990]]"
6726,200412,,"[['Truck140506', 1060]]"
6729,200000,,"[['Truck140551', 953]]"
6731,200000,,"[['Truck140581', 880]]"
6733,200412,,"[['Truck140552', 952]]"
6738,200000,,"[['Truck140553', 957]]"
6738,200412,,"[['Truck140562', 932]]"
6739,200000,,"[['Truck140587', 873]]"
6743,200000,,"[['Truck140527', 1027]]"
6746,200412,,"[['Truck140592', 865]]"
6748,200412,,"[['Truck140558', 952]]"
6751,200000,,"[['Truck140573', 920]]"
6757,200412,,"[['Truck140560', 956]]"
6760,200412,,"[['Truck140570', 934]]"
6770,200000,,"[['Truck140521', 1069]]"
6774,200000,,"[['Truck140597', 883]]"
6776,200000,,"[['Truck140585', 915]]"
6781,200000,,"[['Truck140529', 1060]]"
6788,200000,,"[['Truck140545', 1027]]"
6788,200412,,"[['Truck140550', 1012]]"
6789,200000,,"[['Truck140575', 953]]"
6791,200412,,"[['Truck140602', 885]]"
6802,200412,,"[['Truck140582', 946]]"
6805,200412,,"[['Truck140622', 849]]"
6810,200412,,"[['Truck140566', 994]]"
6811,200000,,"[['Truck140559', 1015]]"
6818,200000,,"[['Truck140579', 972]]"
6820,200000,,"[['Truck140571', 994]]"
6824,200412,,"[['Truck140564', 1013], ['Truck140568', 1003], ['Truck140614', 888]]"
6833,200000,,"[['Truck140613', 902]]"
6834,200000,,"[['Truck140623', 878]]"
6836,200000,,"[['Truck140577', 995]]"
6839,200000,,"[['Truck140555', 1053], ['Truck140611', 913]]"
6839,200412,,"[['Truck140600', 938]]"
6841,200000,,"[['Truck140625', 880]]"
6843,200412,,"[['Truck140572', 1012]]"
6845,200000,,"[['Truck140601', 944]]"
6851,200000,,"[['Truck140603', 945]]"
6851,200412,,"[['Truck140586', 985]]"
6860,200412,,"[['Truck140588', 989]]"
6861,200412,,"[['Truck140636', 870]]"
6865,200412,,"[['Truck140594', 979]]"
6867,200412,,"[['Truck140556', 1076], ['Truck140584', 1006]]"
6868,200000,,"[['Truck140593', 987]]"
6872,200412,,"[['Truck140610', 946]]"
6875,200000,,"[['Truck140637', 884]]"
6876,200000,,"[['Truck140583', 1020]]"
6880,200412,,"[['Truck140598', 984], ['Truck140660', 829]]"
6881,200000,,"[['Truck140617', 940]]"
6885,200000,,"[['Truck140605', 974]]"
6887,200412,,"[['Truck140626', 921]]"
6888,200412,,"[['Truck140628', 917]]"
6892,200000,,"[['Truck140621', 941]]"
6894,200000,,"[['Truck140627', 928]]"
6895,200412,,"[['Truck140608', 974]]"
6896,200412,,"[['Truck140612', 965]]"
6898,200000,,"[['Truck140589', 1027]]"
6908,200412,,"[['Truck140574', 1072]]"
6909,200412,,"[['Truck140596', 1018], ['Truck140634', 923]]"
6911,200412,,"[['Truck140652', 880]]"
6912,200000,,"[['Truck140609', 991]]"
6913,200412,,"[['Truck140648', 892]]"
6916,200412,,"[['Truck140644', 905]]"
6918,200000,,"[['Truck140595', 1032]]"
6920,200000,,"[['Truck140649', 899]]"
6931,200412,,"[['Truck140640', 930]]"
6933,200000,,"[['Truck140599', 1037]]"
6934,200000,,"[['Truck140633', 953]]"
6936,200412,,"[['Truck140590', 1060], ['Truck140606', 1020]]"
6937,200000,,"[['Truck140619', 991]]"
6939,200000,,"[['Truck140591', 1063]]"
6939,200412,,"[['Truck140578', 1093]]"
6940,200412,,"[['Truck140646', 924]]"
6941,200000,,"[['Truck140631', 965], ['Truck140635', 955]]"
6942,200412,,"[['Truck140616', 1001]]"
6943,200000,,"[['Truck140615', 1007]]"
6947,200000,,"[['Truck140639', 951]]"
6947,200412,,"[['Truck140618', 1001], ['Truck140620', 996]]"
6951,200000,,"[['Truck140659', 905]]"
6952,200412,,"[['Truck140632', 971]]"
6958,200412,,"[['Truck140674', 872]]"
6961,200000,,"[['Truck140661', 910]]"
6963,200412,,"[['Truck140638', 967]]"
6964,200412,,"[['Truck140642', 958]]"
6965,200000,,"[['Truck140651', 939], ['Truck140669', 894]]"
6968,200000,,"[['Truck140607', 1052], ['Truck140663', 912]]"
6968,200412,,"[['Truck140656', 927]]"
6976,200000,,"[['Truck140647', 960]]"
6978,200412,,"[['Truck140604', 1067], ['Truck140662', 922]]"
6979,200000,,"[['Truck140655', 943]]"
6989,200000,,"[['Truck140703', 833]]"
6995,200000,,"[['Truck140643', 989], ['Truck140653', 964]]"
6996,200000,,"[['Truck140645', 985]]"
6998,200412,,"[['Truck140672', 917]]"
7002,200412,,"[['Truck140658', 956]]"
7004,200412,,"[['Truck140664', 943]]"
7006,200412,,"[['Truck140630', 1030]]"
7008,200412,,"[['Truck140624', 1047]]"
7009,200000,,"[['Truck140629', 1038]]"
7011,200412,,"[['Truck140668', 940]]"
7014,200000,,"[['Truck140685', 903]]"
7018,200412,,"[['Truck140650', 992]]"
7019,200000,,"[['Truck140673', 938]]"
7021,200000,,"[['Truck140671', 945]]"
7022,200000,,"[['Truck140687', 906]]"
7025,200000,,"[['Truck140657', 984]]"
7029,200000,,"[['Truck140705', 868]]"
7030,200412,,"[['Truck140716', 839]]"
7039,200000,,"[['Truck140675', 953], ['Truck140677', 948]]"
7041,200412,,"[['Truck140684', 930]]"
7047,200412,,"[['Truck140676', 956]]"
7049,200412,,"[['Truck140704', 888]]"
7052,200412,,"[['Truck140690', 926]]"
7055,200000,,"[['Truck140709', 884]]"
7057,200000,,"[['Truck140707', 891]]"
7065,200000,,"[['Truck140665', 1004]]"
7069,200000,,"[['Truck140713', 888]]"
7073,200000,,"[['Truck140701', 922]]"
7075,200412,,"[['Truck140694', 939], ['Truck140702', 919]]"
7077,200412,,"[['Truck140688', 956]]"
7078,200412,,"[['Truck140728', 857]]"
7083,200412,,"[['Truck140696', 942], ['Truck140700', 932]]"
7085,200000,,"[['Truck140667', 1019]]"
7087,200412,,"[['Truck140678', 991]]"
7093,200412,,"[['Truck140680', 992]]"
7094,200000,,"[['Truck140691', 968]]"
7104,200412,,"[['Truck140682', 998]]"
7105,200412,,"[['Truck140670', 1029]]"
7111,200412,,"[['Truck140654', 1075]]"
7115,200412,,"[['Truck140768', 794]]"
7116,200412,,"[['Truck140736', 875]]"
7119,200412,,"[['Truck140734', 883]]"
7122,200000,,"[['Truck140751', 846]]"
7124,200000,,"[['Truck140725', 913]]"
7125,200000,,"[['Truck140695', 989]]"
7125,200412,,"[['Truck140724', 914]]"
7127,200412,,"[['Truck140720', 926]]"
7128,200412,,"[['Truck140706', 962]]"
7130,200000,,"[['Truck140641', 1129]]"
7131,200000,,"[['Truck140717', 940]]"
7134,200412,,"[['Truck140666', 1068]]"
7136,200000,,"[['Truck140693', 1005]]"
7142,200000,,"[['Truck140683', 1036]]"
7146,200412,,"[['Truck140710', 970]]"
7149,200000,,"[['Truck140699', 1003]]"
7151,200000,,"[['Truck140719', 955]]"
7155,200000,,"[['Truck140727', 939]]"
7159,200000,,"[['Truck140723', 953]]"
7162,200000,,"[['Truck140711', 986], ['Truck140737', 921]]"
7165,200000,,"[['Truck140715', 979], ['Truck140731', 939]]"
7170,200412,,"[['Truck140712', 989]]"
7171,200000,,"[['Truck140697', 1030]]"
7171,200412,,"[['Truck140722', 965]]"
7175,200412,,"[['Truck140718', 979]]"
7180,200000,,"[['Truck140745', 919]]"
7183,200000,,"[['Truck140681', 1082]]"
7190,200412,,"[['Truck140692', 1059]]"
7194,200000,,"[['Truck140689', 1073]]"
7197,200000,,"[['Truck140733', 966]]"
7199,200412,,"[['Truck140744', 938]]"
7200,200412,,"[['Truck140708', 1029]]"
